{
  "X": [
    [
      -2.7908822546137215,
      9.3398221543499
    ],
    [
      3.752765642007645,
      1.5412631589039067
    ],
    [
      3.9492826897747197,
      2.1985884949481354
    ],
    [
      4.2788548688904635,
      3.0845365946460945
    ],
    [
      -1.6298083616998178,
      8.8788203479064
    ],
    [
      -3.1168962952534045,
      9.202834527755487
    ],
    [
      5.082958784225347,
      2.0759906526547143
    ],
    [
      -7.156010453727142,
      -6.245836257544597
    ],
    [
      -2.3640202601131297,
      7.866317981403643
    ],
    [
      -6.673456217410193,
      -7.9379336864935865
    ],
    [
      4.570489866795157,
      1.7925074665871588
    ],
    [
      -6.6851768095143935,
      -7.111158961525737
    ],
    [
      4.279495622276818,
      1.798153434064766
    ],
    [
      4.765196993230955,
      0.7973676096128668
    ],
    [
      -2.8358272577678596,
      9.08083968202424
    ],
    [
      3.842967206889043,
      2.091286425462206
    ],
    [
      -6.261027477653699,
      -6.321341521806228
    ],
    [
      -2.4686807002399958,
      8.159437216470247
    ],
    [
      -3.0540120683654766,
      8.166903907397147
    ],
    [
      -7.285780391334845,
      -6.513103819971426
    ],
    [
      -7.383157705084853,
      -7.065637018786675
    ],
    [
      -7.167131733858444,
      -6.991504979274237
    ],
    [
      -6.392111697714752,
      -6.066365576133453
    ],
    [
      4.631780501385341,
      1.3385431265671919
    ],
    [
      5.133405783490015,
      1.2406634939581187
    ],
    [
      -3.54414832256057,
      8.676913610653738
    ],
    [
      -7.543428175554887,
      -7.597833567724349
    ],
    [
      -1.5616699337483153,
      9.474746965690066
    ],
    [
      -2.7872482387402275,
      8.734848276056168
    ],
    [
      -6.680869132309132,
      -6.294782517002531
    ]
  ],
  "params": {
    "n_clusters": 3,
    "linkage": "average",
    "metric": "euclidean"
  },
  "labels": [
    2,
    0,
    0,
    0,
    2,
    2,
    0,
    1,
    2,
    1,
    0,
    1,
    0,
    0,
    2,
    0,
    1,
    2,
    2,
    1,
    1,
    1,
    1,
    0,
    0,
    2,
    1,
    2,
    2,
    1
  ],
  "medoid_indices": [
    10,
    21,
    28
  ],
  "member_indices": [
    [
      1,
      2,
      3,
      6,
      10,
      12,
      13,
      15,
      23,
      24
    ],
    [
      7,
      9,
      11,
      16,
      19,
      20,
      21,
      22,
      26,
      29
    ],
    [
      0,
      4,
      5,
      8,
      14,
      17,
      18,
      25,
      27,
      28
    ]
  ],
  "distances_to_mean": [
    [
      0.7223218601563777,
      0.6261197806495952,
      1.2973316554963104,
      0.7116775982445912,
      0.14181041867339853,
      0.14924133783639948,
      1.0536906376049429,
      0.6560221922173661,
      0.5003996948349754,
      0.8971392672906182
    ],
    [
      0.6146667486934217,
      1.1507263661197602,
      0.3800643367325569,
      0.8253587667927041,
      0.4718194182876484,
      0.524366495136066,
      0.30166838629629006,
      0.91729253350552,
      0.999346894069545,
      0.5733199906358063
    ],
    [
      0.60759082060659,
      0.9928714161309571,
      0.6703171676862154,
      0.9265596889947495,
      0.39083672952367265,
      0.6164073821285058,
      0.7362210357152851,
      0.9323745632935937,
      1.2742411629777275,
      0.17350053325602025
    ]
  ]
}