{
  "X": [
    [
      1.8795665646936073,
      0.02899591902648309
    ],
    [
      -0.035167190085370365,
      0.393018967196188
    ],
    [
      1.1910471859101017,
      -0.4450418888361932
    ],
    [
      0.2270055336494705,
      0.08582791197642199
    ],
    [
      -0.21640997569518036,
      0.9491561290772009
    ],
    [
      -0.46389643162285366,
      0.9483408589547511
    ],
    [
      1.9894796122449325,
      0.24570107902995347
    ],
    [
      1.3828061293837781,
      -0.4090566372222952
    ],
    [
      -0.9276513080945433,
      0.43360734600155193
    ],
    [
      0.9885274773084022,
      0.019467445662806164
    ],
    [
      0.5602338461626015,
      0.8364310956859132
    ],
    [
      0.1639877398957984,
      0.3371610522578015
    ],
    [
      0.4448156549202513,
      0.9450569198498496
    ],
    [
      -1.025382179325079,
      0.14335622327947012
    ],
    [
      -0.7431464616263456,
      0.5965827187755857
    ],
    [
      0.9326660951319325,
      -0.5440295633023553
    ],
    [
      0.9184002969477453,
      0.2292423780877155
    ],
    [
      0.930075007638071,
      0.478271162097226
    ],
    [
      1.6682064183641714,
      -0.24408159260579312
    ],
    [
      0.7714731879628011,
      0.5923159321094855
    ],
    [
      0.7020714015663114,
      -0.4199455633925826
    ],
    [
      1.7729448764044968,
      -0.14400896729304863
    ],
    [
      0.27715433476700524,
      -0.1684001988315174
    ],
    [
      2.0417397709615215,
      0.5148280692164484
    ],
    [
      0.5142247670566678,
      -0.40475905515382843
    ],
    [
      0.04864817668778944,
      1.039779773194797
    ],
    [
      -0.5487180892145598,
      0.7987405450676959
    ],
    [
      -0.8313851873186664,
      -0.04601954025336867
    ],
    [
      0.35657827864050634,
      -0.284874686841767
    ],
    [
      0.1515834110267443,
      1.0270524930487948
    ]
  ],
  "params": {
    "n_clusters": 3,
    "linkage": "average",
    "metric": "cosine"
  },
  "labels": [
    1,
    2,
    1,
    1,
    2,
    0,
    1,
    1,
    0,
    1,
    2,
    2,
    2,
    0,
    0,
    1,
    1,
    1,
    1,
    1,
    1,
    1,
    1,
    1,
    1,
    2,
    0,
    0,
    1,
    2
  ],
  "medoid_indices": [
    14,
    21,
    29
  ],
  "member_indices": [
    [
      5,
      8,
      13,
      14,
      26,
      27
    ],
    [
      0,
      2,
      3,
      6,
      7,
      9,
      15,
      16,
      17,
      18,
      19,
      20,
      21,
      22,
      23,
      24,
      28
    ],
    [
      1,
      4,
      10,
      11,
      12,
      25,
      29
    ]
  ],
  "distances_to_mean": [
    [
      0.14821627227007284,
      0.008077477865131133,
      0.08918003242281247,
      0.006264993165768562,
      0.08067129638711135,
      0.18596696964621084
    ],
    [
      0.0019389304339062496,
      0.04789089792938783,
      0.08221535385818102,
      0.014370403354423078,
      0.028842319802456995,
      0.00221347965200569,
      0.11355849777895777,
      0.04217719546186682,
      0.1330877883204703,
      0.004839936038609882,
      0.23621257654141126,
      0.11870601462092223,
      0.0005844581470481058,
      0.12200324864309486,
      0.04286691168769252,
      0.186112187124719,
      0.19033800899664666
    ],
    [
      0.04139998041274473,
      0.08841795853360623,
      0.075339162990808,
      0.03187942839128177,
      0.028758256702507756,
      0.011644689389620377,
      0.0014029592561616289
    ]
  ]
}