{
  "X": [
    [
      -2.7908822546137215,
      9.3398221543499
    ],
    [
      3.752765642007645,
      1.5412631589039067
    ],
    [
      3.9492826897747197,
      2.1985884949481354
    ],
    [
      4.2788548688904635,
      3.0845365946460945
    ],
    [
      -1.6298083616998178,
      8.8788203479064
    ],
    [
      -3.1168962952534045,
      9.202834527755487
    ],
    [
      5.082958784225347,
      2.0759906526547143
    ],
    [
      -7.156010453727142,
      -6.245836257544597
    ],
    [
      -2.3640202601131297,
      7.866317981403643
    ],
    [
      -6.673456217410193,
      -7.9379336864935865
    ],
    [
      4.570489866795157,
      1.7925074665871588
    ],
    [
      -6.6851768095143935,
      -7.111158961525737
    ],
    [
      4.279495622276818,
      1.798153434064766
    ],
    [
      4.765196993230955,
      0.7973676096128668
    ],
    [
      -2.8358272577678596,
      9.08083968202424
    ],
    [
      3.842967206889043,
      2.091286425462206
    ],
    [
      -6.261027477653699,
      -6.321341521806228
    ],
    [
      -2.4686807002399958,
      8.159437216470247
    ],
    [
      -3.0540120683654766,
      8.166903907397147
    ],
    [
      -7.285780391334845,
      -6.513103819971426
    ],
    [
      -7.383157705084853,
      -7.065637018786675
    ],
    [
      -7.167131733858444,
      -6.991504979274237
    ],
    [
      -6.392111697714752,
      -6.066365576133453
    ],
    [
      4.631780501385341,
      1.3385431265671919
    ],
    [
      5.133405783490015,
      1.2406634939581187
    ],
    [
      -3.54414832256057,
      8.676913610653738
    ],
    [
      -7.543428175554887,
      -7.597833567724349
    ],
    [
      -1.5616699337483153,
      9.474746965690066
    ],
    [
      -2.7872482387402275,
      8.734848276056168
    ],
    [
      -6.680869132309132,
      -6.294782517002531
    ]
  ],
  "params": {
    "n_clusters": 3,
    "linkage": "average",
    "metric": "cosine"
  },
  "labels": [
    2,
    0,
    0,
    0,
    2,
    2,
    0,
    1,
    2,
    1,
    0,
    1,
    0,
    0,
    2,
    0,
    1,
    2,
    2,
    1,
    1,
    1,
    1,
    0,
    0,
    2,
    1,
    2,
    2,
    1
  ],
  "medoid_indices": [
    6,
    21,
    0
  ],
  "member_indices": [
    [
      1,
      2,
      3,
      6,
      10,
      12,
      13,
      15,
      23,
      24
    ],
    [
      7,
      9,
      11,
      16,
      19,
      20,
      21,
      22,
      26,
      29
    ],
    [
      0,
      4,
      5,
      8,
      14,
      17,
      18,
      25,
      27,
      28
    ]
  ],
  "distances_to_mean": [
    [
      9.899291774972951e-06,
      0.007521842037656823,
      0.02850876585093709,
      3.120003656653658e-06,
      6.601431724195805e-05,
      7.853300509319538e-05,
      0.02398306998453026,
      0.006391328110282202,
      0.0053949101986581205,
      0.01094830743823938
    ],
    [
      0.0017952082011232218,
      0.004434139055754072,
      0.0007505933560141287,
      8.031926684537449e-05,
      0.0011544797391256356,
      9.927840766743579e-05,
      1.0227239505833374e-05,
      0.00016670327168633037,
      6.582656709452905e-05,
      0.00023902985704493673
    ],
    [
      1.682348960141411e-08,
      0.005896151561161744,
      0.0006615504803290095,
      1.5340870952451624e-06,
      7.818068764597896e-05,
      6.5277639186289704e-06,
      0.002288297933576433,
      0.0047580877991109105,
      0.008032207502836508,
      0.000174761461038897
    ]
  ]
}