{
  "X": [
    [
      1.8795665646936073,
      0.02899591902648309
    ],
    [
      -0.035167190085370365,
      0.393018967196188
    ],
    [
      1.1910471859101017,
      -0.4450418888361932
    ],
    [
      0.2270055336494705,
      0.08582791197642199
    ],
    [
      -0.21640997569518036,
      0.9491561290772009
    ],
    [
      -0.46389643162285366,
      0.9483408589547511
    ],
    [
      1.9894796122449325,
      0.24570107902995347
    ],
    [
      1.3828061293837781,
      -0.4090566372222952
    ],
    [
      -0.9276513080945433,
      0.43360734600155193
    ],
    [
      0.9885274773084022,
      0.019467445662806164
    ],
    [
      0.5602338461626015,
      0.8364310956859132
    ],
    [
      0.1639877398957984,
      0.3371610522578015
    ],
    [
      0.4448156549202513,
      0.9450569198498496
    ],
    [
      -1.025382179325079,
      0.14335622327947012
    ],
    [
      -0.7431464616263456,
      0.5965827187755857
    ],
    [
      0.9326660951319325,
      -0.5440295633023553
    ],
    [
      0.9184002969477453,
      0.2292423780877155
    ],
    [
      0.930075007638071,
      0.478271162097226
    ],
    [
      1.6682064183641714,
      -0.24408159260579312
    ],
    [
      0.7714731879628011,
      0.5923159321094855
    ],
    [
      0.7020714015663114,
      -0.4199455633925826
    ],
    [
      1.7729448764044968,
      -0.14400896729304863
    ],
    [
      0.27715433476700524,
      -0.1684001988315174
    ],
    [
      2.0417397709615215,
      0.5148280692164484
    ],
    [
      0.5142247670566678,
      -0.40475905515382843
    ],
    [
      0.04864817668778944,
      1.039779773194797
    ],
    [
      -0.5487180892145598,
      0.7987405450676959
    ],
    [
      -0.8313851873186664,
      -0.04601954025336867
    ],
    [
      0.35657827864050634,
      -0.284874686841767
    ],
    [
      0.1515834110267443,
      1.0270524930487948
    ]
  ],
  "params": {
    "n_clusters": 3,
    "linkage": "average",
    "metric": "euclidean"
  },
  "labels": [
    2,
    1,
    2,
    1,
    0,
    0,
    2,
    2,
    0,
    1,
    0,
    1,
    0,
    0,
    0,
    1,
    1,
    1,
    2,
    1,
    1,
    2,
    1,
    2,
    1,
    0,
    0,
    0,
    1,
    0
  ],
  "medoid_indices": [
    26,
    3,
    21
  ],
  "member_indices": [
    [
      4,
      5,
      8,
      10,
      12,
      13,
      14,
      25,
      26,
      27,
      29
    ],
    [
      1,
      3,
      9,
      11,
      15,
      16,
      17,
      19,
      20,
      22,
      24,
      28
    ],
    [
      0,
      2,
      6,
      7,
      18,
      21,
      23
    ]
  ],
  "distances_to_mean": [
    [
      0.2732736610805426,
      0.2878111255523117,
      0.6598549706686944,
      0.8939478552932838,
      0.806602690609123,
      0.8947570777979118,
      0.43223715713945793,
      0.5051627396171181,
      0.2475386691148031,
      0.9007646845453486,
      0.5776791713737747
    ],
    [
      0.7010924793256527,
      0.34052188001612177,
      0.42632945295731633,
      0.5053381409562545,
      0.6799007967294994,
      0.41000829157957,
      0.5828781742481947,
      0.6036272793585497,
      0.4674546620426728,
      0.3451272588839223,
      0.4335352373022256,
      0.37284175189674046
    ],
    [
      0.19926654791282447,
      0.6383435401403604,
      0.421908551538163,
      0.4707096288977978,
      0.18288940952582836,
      0.1053198892799037,
      0.6708913233183349
    ]
  ]
}