{
  "selectedEigenvalues": [
    0,
    0.5677117705345154,
    0.5733185410499573
  ],
  "selectedEigenvectors": [
    [
      0.11499238759279251,
      -0.16337060928344727,
      0.1265483796596527
    ],
    [
      0.11680864542722702,
      0.027088601142168045,
      0.21529698371887207
    ],
    [
      0.1446843147277832,
      0.038256485015153885,
      0.12388511747121811
    ],
    [
      0.14016275107860565,
      0.12248529493808746,
      -0.09976794570684433
    ],
    [
      0.11706162244081497,
      0.2058095633983612,
      -0.05755428969860077
    ],
    [
      0.1421152651309967,
      -0.12581108510494232,
      -0.07791434228420258
    ],
    [
      0.14451947808265686,
      -0.027732981368899345,
      0.1278439611196518
    ],
    [
      0.14255934953689575,
      0.04738403856754303,
      -0.13454864919185638
    ],
    [
      0.11877769231796265,
      0.20937082171440125,
      -0.028037281706929207
    ],
    [
      0.1417560875415802,
      -0.15001501142978668,
      0.009451829828321934
    ],
    [
      0.14141398668289185,
      0.09972190111875534,
      -0.11312492936849594
    ],
    [
      0.14421366155147552,
      -0.029223427176475525,
      -0.12748751044273376
    ],
    [
      0.14357510209083557,
      -0.08464020490646362,
      0.10720986127853394
    ],
    [
      0.11276674270629883,
      -0.04250450059771538,
      0.21153394877910614
    ],
    [
      0.1420028656721115,
      -0.07982683926820755,
      -0.1225309744477272
    ],
    [
      0.1114031970500946,
      0.09284041076898575,
      -0.19831342995166779
    ],
    [
      0.11161628365516663,
      0.1463761329650879,
      0.1575136035680771
    ],
    [
      0.11266104131937027,
      0.08270508050918579,
      0.20246544480323792
    ],
    [
      0.14327096939086914,
      0.128697469830513,
      0.04786397144198418
    ],
    [
      0.1113637164235115,
      0.0016068174736574292,
      0.21887600421905518
    ],
    [
      0.1410796344280243,
      0.14947250485420227,
      -0.026433540508151054
    ],
    [
      0.1119135245680809,
      0.030301157385110855,
      -0.2139590084552765
    ],
    [
      0.142405703663826,
      -0.007751829922199249,
      0.14521916210651398
    ],
    [
      0.1408988982439041,
      -0.15286830067634583,
      0.02268957905471325
    ],
    [
      0.11680537462234497,
      -0.1999880075454712,
      -0.07126151025295258
    ],
    [
      0.14031574130058289,
      -0.15794992446899414,
      -0.012723875232040882
    ],
    [
      0.11339102685451508,
      0.16408835351467133,
      -0.1445520520210266
    ],
    [
      0.11400262266397476,
      -0.2102670818567276,
      0.019411828368902206
    ],
    [
      0.11332573741674423,
      0.18033967912197113,
      0.11181674897670746
    ],
    [
      0.14207862317562103,
      -0.10360544919967651,
      0.10238371789455414
    ],
    [
      0.11625397950410843,
      -0.2092067003250122,
      -0.03576165437698364
    ],
    [
      0.11360513418912888,
      0.12610960006713867,
      -0.17896895110607147
    ],
    [
      0.11603540927171707,
      -0.1831352859735489,
      -0.10759862512350082
    ],
    [
      0.14222213625907898,
      -0.1394645720720291,
      -0.04982498288154602
    ],
    [
      0.11347301304340363,
      0.21199530363082886,
      0.01667180098593235
    ],
    [
      0.14315848052501678,
      -0.06639442592859268,
      0.12266815453767776
    ],
    [
      0.14307436347007751,
      -0.10267415642738342,
      -0.09664881229400635
    ],
    [
      0.14369891583919525,
      0.12926198542118073,
      0.037010639905929565
    ],
    [
      0.14219634234905243,
      0.07730566710233688,
      0.12373433262109756
    ],
    [
      0.12012769281864166,
      -0.18268662691116333,
      0.0916486456990242
    ],
    [
      0.14120449125766754,
      0.1444666087627411,
      -0.04574841260910034
    ],
    [
      0.11526656150817871,
      -0.12292419373989105,
      0.16795770823955536
    ],
    [
      0.11221777647733688,
      -0.08324818313121796,
      -0.1954197734594345
    ],
    [
      0.1112561970949173,
      -0.08644688874483109,
      0.19386149942874908
    ],
    [
      0.14271187782287598,
      0.05019218474626541,
      -0.13256263732910156
    ],
    [
      0.14462801814079285,
      0.10151372849941254,
      0.07824672013521194
    ],
    [
      0.1384829580783844,
      0.03489600494503975,
      0.1630207598209381
    ],
    [
      0.11416791379451752,
      -0.1487705409526825,
      -0.15148086845874786
    ],
    [
      0.14177800714969635,
      -0.0001187715824926272,
      -0.14649344980716705
    ],
    [
      0.11281526833772659,
      0.20259085297584534,
      0.06199662759900093
    ],
    [
      0.1162494570016861,
      -0.11202337592840195,
      -0.1786043643951416
    ],
    [
      0.11569817364215851,
      0.06929942965507507,
      -0.20475687086582184
    ],
    [
      0.14342524111270905,
      -0.12480388581752777,
      0.060089994221925735
    ],
    [
      0.11337506771087646,
      -0.047627367079257965,
      -0.20722946524620056
    ],
    [
      0.11154517531394958,
      0.11767125874757767,
      0.18251891434192657
    ],
    [
      0.13994348049163818,
      0.15635539591312408,
      -0.02049599401652813
    ],
    [
      0.11574720591306686,
      0.19300046563148499,
      -0.09709171205759048
    ],
    [
      0.11686365306377411,
      -0.2048296183347702,
      0.04137540981173515
    ],
    [
      0.14299817383289337,
      -0.05881546810269356,
      -0.12655965983867645
    ],
    [
      0.14162810146808624,
      0.10287780314683914,
      0.10693375766277313
    ]
  ],
  "allEigenvalues": [
    0,
    0.567711773167579,
    0.5733185618297036,
    0.8775672567463543,
    0.8865492998738963,
    0.9343090173642568,
    0.9981799070498192,
    1.0067856077945696,
    1.0116194341135631,
    1.0153925413001044,
    1.0330730821257137,
    1.0332829243577528,
    1.0334178311462545,
    1.0335857892071976,
    1.0337024959975976,
    1.033856683202635,
    1.0339005104174657,
    1.0339481558731156,
    1.0340863966984453,
    1.034142607024965,
    1.034289491095832,
    1.034306783611312,
    1.0343614789135454,
    1.034418659627293,
    1.0345160350257423,
    1.0345354139964646,
    1.0346168482221192,
    1.0346418290566928,
    1.034667015635876,
    1.0349325825297686,
    1.034972815652979,
    1.0350370413819114,
    1.0352562717136078,
    1.0353409961099804,
    1.0354776771743293,
    1.0356704303353539,
    1.0362913230420796,
    1.041185187939476,
    1.0426294581300162,
    1.0490522448046258,
    1.0499500139175308,
    1.0506055295905825,
    1.0510679320364487,
    1.0513694233150364,
    1.0517715981797235,
    1.0518282150407454,
    1.052398495284081,
    1.0525033498805743,
    1.0526612919926186,
    1.0528945130935958,
    1.053272217243195,
    1.0537111929983987,
    1.0543954269049056,
    1.0545544332540628,
    1.0548288453819392,
    1.0548827422518368,
    1.0554462023539644,
    1.0555506465835887,
    1.0557028912891901,
    1.0559755728261442
  ],