{
  "dataset": "circles_n2_knn",
  "shape": [
    60,
    2
  ],
  "embedding": [
    [
      0.36816051602363586,
      0.2025730013847351
    ],
    [
      0.4070167541503906,
      0.5912541151046753
    ],
    [
      0.5235421061515808,
      0.6292192339897156
    ],
    [
      0.6012036204338074,
      -0.31293991208076477
    ],
    [
      0.36816054582595825,
      -0.06275474280118942
    ],
    [
      0.6012036204338074,
      -0.4998345971107483
    ],
    [
      0.48470577597618103,
      0.5724579095840454
    ],
    [
      0.4847058355808258,
      -0.5613309144973755
    ],
    [
      0.407016783952713,
      -0.04435749724507332
    ],
    [
      0.5623744130134583,
      -0.02391321212053299
    ],
    [
      0.4847058355808258,
      -0.42898640036582947
    ],
    [
      0.5235421657562256,
      -0.6675109267234802
    ],
    [
      0.5235421061515808,
      0.4507875442504883
    ],
    [
      0.36816051602363586,
      0.5116390585899353
    ],
    [
      0.5235421657562256,
      -0.6648836731910706
    ],
    [
      0.36816054582595825,
      -0.41688087582588196
    ],
    [
      0.36816054582595825,
      0.45628759264945984
    ],
    [
      0.36816054582595825,
      0.5339452028274536
    ],
    [
      0.4458645284175873,
      0.24039283394813538
    ],
    [
      0.36816051602363586,
      0.5280312895774841
    ],
    [
      0.5235421657562256,
      -0.040742892771959305
    ],
    [
      0.36816054582595825,
      -0.497918963432312
    ],
    [
      0.5235421061515808,
      0.6638659238815308
    ],
    [
      0.5623744130134583,
      0.021483344957232475
    ],
    [
      0.36816051602363586,
      -0.2030865103006363
    ],
    [
      0.4847058355808258,
      -0.15497998893260956
    ],
    [
      0.36816054582595825,
      -0.2552618682384491
    ],
    [
      0.36816051602363586,
      -0.0010406927904114127
    ],
    [
      0.36816054582595825,
      0.32985106110572815
    ],
    [
      0.48470577597618103,
      0.33180075883865356
    ],
    [
      0.36816051602363586,
      -0.15179799497127533
    ],
    [
      0.36816054582595825,
      -0.37935182452201843
    ],
    [
      0.36816051602363586,
      -0.3459034562110901
    ],
    [
      0.4847058355808258,
      -0.3396245241165161
    ],
    [
      0.36816054582595825,
      0.040964819490909576
    ],
    [
      0.5235421061515808,
      0.5181151628494263
    ],
    [
      0.5235421657562256,
      -0.5274733304977417
    ],
    [
      0.5235421657562256,
      0.2423478215932846
    ],
    [
      0.562374472618103,
      0.6836494207382202
    ],
    [
      0.36816051602363586,
      0.1531408280134201
    ],
    [
      0.562374472618103,
      -0.13227595388889313
    ],
    [
      0.4070167541503906,
      0.4050382077693939
    ],
    [
      0.36816054582595825,
      -0.5171664953231812
    ],
    [
      0.36816051602363586,
      0.43576133251190186
    ],
    [
      0.5235421657562256,
      -0.5665232539176941
    ],
    [
      0.4847058355808258,
      0.40540796518325806
    ],
    [
      0.562374472618103,
      0.7572734951972961
    ],
    [
      0.36816054582595825,
      -0.4543040990829468
    ],
    [
      0.562374472618103,
      -0.7054363489151001
    ],
    [
      0.36816054582595825,
      0.1351913958787918
    ],
    [
      0.36816054582595825,
      -0.483466774225235
    ],
    [
      0.36816054582595825,
      -0.4535183906555176
    ],
    [
      0.5623744130134583,
      0.16963914036750793
    ],
    [
      0.36816054582595825,
      -0.5262109041213989
    ],
    [
      0.36816054582595825,
      0.514038622379303
    ],
    [
      0.5235421657562256,
      0.04960980638861656
    ],
    [
      0.36816054582595825,
      -0.11909960955381393
    ],
    [
      0.36816051602363586,
      -0.0010406927904114127
    ],
    [
      0.4847058355808258,
      -0.6240736246109009
    ],
    [
      0.5235421657562256,
      0.5851364731788635
    ]
  ],
  "labels": [
    1,
    1,
    1,
    0,
    0,
    0,
    1,
    0,
    0,
    0,
    0,
    0,
    1,
    1,
    0,
    0,
    1,
    1,
    1,
    1,
    0,
    0,
    1,
    0,
    0,
    0,
    0,
    0,
    1,
    1,
    0,
    0,
    0,
    0,
    0,
    1,
    0,
    1,
    1,
    1,
    0,
    1,
    0,
    1,
    0,
    1,
    1,
    0,
    0,
    1,
    0,
    0,
    1,
    0,
    1,
    0,
    0,
    0,
    0,
    1
  ]
}