{
  "eigenvalues": [
    -3.3503333117363376e-17,
    0.5677117774188154
  ],
  "eigenvectors": [
    [
      0.11499238205770315,
      0.11680864780872657,
      0.14468430373372848,
      0.14016275741916975,
      0.11706162783886845,
      0.14211526991905254,
      0.14451948258176545,
      0.14255935532854083,
      0.11877769127875326,
      0.1417560865832929,
      0.14141398713059178,
      0.14421366597728558,
      0.14357510673907997,
      0.11276674307999768,
      0.14200287073525372,
      0.11140319832703544,
      0.11161629046139357,
      0.11266103444251128,
      0.14327097247387277,
      0.11136371478545577,
      0.14107963125153838,
      0.11191353039458006,
      0.14240571075139166,
      0.14089889673899322,
      0.11680538547682999,
      0.14031574034355457,
      0.11339102035064433,
      0.11400262016923446,
      0.11332574172207696,
      0.14207862570179808,
      0.11625398835112694,
      0.11360512697305124,
      0.11603540866292607,
      0.1422221287192749,
      0.11347301426538259,
      0.1431584709351667,
      0.14307436409398125,
      0.14369891105558108,
      0.14219634202522066,
      0.12012769141913932,
      0.14120450000335677,
      0.11526656100535075,
      0.11221778171540818,
      0.11125619578097719,
      0.1427118837602329,
      0.14462802703791944,
      0.13848296498881896,
      0.11416791848568066,
      0.14177801452803515,
      0.11281526224801988,
      0.11624945755940022,
      0.11569816856281354,
      0.14342524383317085,
      0.11337506332612454,
      0.11154518126043925,
      0.13994348368986045,
      0.1157472024768642,
      0.1168636440443115,
      0.14299818168842393,
      0.14162809496912207
    ],
    [
      -0.1633704778524904,
      0.02708881594009237,
      0.03825660761247874,
      0.12248520492820655,
      0.20580951502947872,
      -0.12581116920392393,
      -0.027732855594452915,
      0.04738390313008262,
      0.20937079036233402,
      -0.15001500285461333,
      0.09972180134866673,
      -0.029223556112426673,
      -0.08464009344599392,
      -0.04250428320784018,
      -0.07982696398892307,
      0.09284021709797638,
      0.1463762940576672,
      0.08270527201765585,
      0.128697509426911,
      0.0016070304924019757,
      0.14947247321634885,
      0.030300943150818556,
      -0.007751681510337271,
      -0.15286826974056825,
      -0.19998809210621507,
      -0.15794993474363975,
      0.16408821904349538,
      -0.2102670597036502,
      0.18033978584795174,
      -0.10360534101095482,
      -0.20920674350160293,
      0.12610941833133263,
      -0.18313540661523758,
      -0.13946461547821914,
      0.21199531441439032,
      -0.06639429858511926,
      -0.10267424732191578,
      0.1292620216497462,
      0.07730579470580227,
      -0.1826865265289493,
      0.1444665624177479,
      -0.12292402514453085,
      -0.08324838460294179,
      -0.08644668954678177,
      0.05019206022002012,
      0.10151380950583173,
      0.03489615902468486,
      -0.14877070349400104,
      -0.00011891295636122512,
      0.20259090548025457,
      -0.11202355415742504,
      0.06929922107730793,
      -0.12480383391151689,
      -0.04762757731784746,
      0.1176714380666661,
      0.1563553693780431,
      0.19300037214091745,
      -0.20482956823069728,
      -0.05881559690386344,
      0.10287790257772321
    ]
  ],
  "sklearn_labels": [
    1,
    0,
    0,
    0,
    0,
    1,
    1,
    0,
    0,
    1,
    0,
    1,
    1,
    1,
    1,
    0,
    0,
    0,
    0,
    1,
    0,
    0,
    1,
    1,
    1,
    1,
    0,
    1,
    0,
    1,
    1,
    0,
    1,
    1,
    0,
    1,
    1,
    0,
    0,
    1,
    0,
    1,
    1,
    1,
    0,
    0,
    0,
    1,
    1,
    0,
    1,
    0,
    1,
    1,
    0,
    0,
    0,
    1,
    1,
    0
  ],
  "expected_labels": [
    1,
    0,
    0,
    0,
    0,
    1,
    1,
    0,
    0,
    1,
    0,
    1,
    1,
    1,
    1,
    0,
    0,
    0,
    0,
    1,
    0,
    0,
    1,
    1,
    1,
    1,
    0,
    1,
    0,
    1,
    1,
    0,
    1,
    1,
    0,
    1,
    1,
    0,
    0,
    1,
    0,
    1,
    1,
    1,
    0,
    0,
    0,
    1,
    1,
    0,
    1,
    0,
    1,
    1,
    0,
    0,
    0,
    1,
    1,
    0
  ]
}