{
  "dataset": "circles_n2_knn",
  "shape": [
    60,
    2
  ],
  "embedding": [
    [
      0.021037634979843484,
      -0.06074270963775355
    ],
    [
      0.06803784403825507,
      -0.0054938869498918205
    ],
    [
      0.053563832349621025,
      0.0077949784968256945
    ],
    [
      -0.01975003903159263,
      0.05361370948367137
    ],
    [
      -0.0005158144173798815,
      0.06997770131462383
    ],
    [
      -0.04024420586025977,
      -0.03947697257853715
    ],
    [
      0.050103011498861386,
      -0.01987094700364588
    ],
    [
      -0.0515646814517703,
      0.026806793815108292
    ],
    [
      0.002491636989778102,
      0.06892145809066716
    ],
    [
      -0.007840432948253989,
      -0.057072410863366556
    ],
    [
      -0.03541152171823822,
      0.04451196355289624
    ],
    [
      -0.05597671998896918,
      -0.0027195203119253584
    ],
    [
      0.0342543050349555,
      -0.040523948374027625
    ],
    [
      0.06410802529592698,
      -0.02031355971350999
    ],
    [
      -0.05767303752757988,
      -0.012428922951073939
    ],
    [
      -0.05058403891860633,
      0.04404873839484361
    ],
    [
      0.05836682240832984,
      0.024686508870943983
    ],
    [
      0.06879449855094864,
      0.0024347559777342345
    ],
    [
      0.030350925305177107,
      0.04419261396480699
    ],
    [
      0.06729962222122475,
      -0.013629791825845174
    ],
    [
      0.0037362246939197734,
      0.06000379157581716
    ],
    [
      -0.06147818847231333,
      0.024770165854078676
    ],
    [
      0.05453199862450961,
      -0.010795721732903055
    ],
    [
      -0.002923019840855236,
      -0.05851369418112116
    ],
    [
      -0.029791320420939373,
      -0.06034636514375149
    ],
    [
      -0.01905125446541815,
      -0.058495327518410245
    ],
    [
      -0.030402539503361352,
      0.06094109888166014
    ],
    [
      -0.0053928904980366545,
      -0.068814304769215
    ],
    [
      0.04494188141529224,
      0.0415455461381645
    ],
    [
      0.024854754539976053,
      -0.049275807422744754
    ],
    [
      -0.023717194980284382,
      -0.06405299141408298
    ],
    [
      -0.044945130549639,
      0.04986004843884835
    ],
    [
      -0.04701102660624082,
      -0.04603440225979061
    ],
    [
      -0.0347519121001741,
      -0.043672757984931296
    ],
    [
      0.012065103499422681,
      0.06728229836778721
    ],
    [
      0.04321459800927443,
      -0.03022269205307553
    ],
    [
      -0.04728340963413822,
      -0.031244005941362507
    ],
    [
      0.02635349969068963,
      0.04747101429560396
    ],
    [
      0.05474796003654413,
      0.014108650718227811
    ],
    [
      0.013624998801743823,
      -0.06340743273543002
    ],
    [
      -0.005141205807608136,
      0.05793006276250579
    ],
    [
      0.04248678929589446,
      -0.04502142219020252
    ],
    [
      -0.06606238592085452,
      -0.0083933948926357
    ],
    [
      0.05413051240780418,
      -0.03360749099263404
    ],
    [
      -0.0467673769755429,
      0.029538278021579222
    ],
    [
      0.04144903215052042,
      0.03197896486420999
    ],
    [
      0.05930244168613033,
      -0.0030758273411865744
    ],
    [
      -0.059265619513247755,
      -0.02933427511144336
    ],
    [
      -0.05472127666818985,
      0.012800061984375905
    ],
    [
      0.024053721401530146,
      0.06032022587803571
    ],
    [
      -0.06304129246743381,
      -0.021488220144310524
    ],
    [
      -0.05530916907399359,
      0.037119263454969284
    ],
    [
      0.010394392036205773,
      -0.05461232694287547
    ],
    [
      -0.0663233236488558,
      -0.0006185012982098544
    ],
    [
      0.0661714920463515,
      0.010947354564002594
    ],
    [
      0.008270712531159555,
      0.05953165766134845
    ],
    [
      -0.01148719050974414,
      0.06840957201218639
    ],
    [
      -0.005456582625776154,
      -0.06834712142151303
    ],
    [
      -0.05790973307794408,
      -0.010750709231271558
    ],
    [
      0.05218332204519412,
      0.019295065290978988
    ]
  ],
  "labels": [
    1,
    1,
    1,
    0,
    0,
    0,
    1,
    0,
    1,
    0,
    0,
    0,
    1,
    1,
    0,
    0,
    1,
    1,
    1,
    1,
    1,
    0,
    1,
    0,
    0,
    0,
    0,
    0,
    1,
    1,
    0,
    0,
    0,
    0,
    1,
    1,
    0,
    1,
    1,
    1,
    0,
    1,
    0,
    1,
    0,
    1,
    1,
    0,
    0,
    1,
    0,
    0,
    1,
    0,
    1,
    1,
    0,
    0,
    0,
    1
  ],
  "affinity_min": 0.0,
  "affinity_max": 1.0
}