{
  "name": "blobs_n4",
  "params": {
    "n_clusters": 4,
    "random_state": 42
  },
  "X": [
    [
      -2.748784741975395,
      8.921456639866413
    ],
    [
      -2.5159462354217172,
      8.485430663720372
    ],
    [
      -3.015613183219962,
      9.171409794495958
    ],
    [
      -2.102934711855651,
      9.692406142483733
    ],
    [
      -8.995962378956182,
      7.7030075257453365
    ],
    [
      -3.248458618236464,
      8.654364024000968
    ],
    [
      -8.659434076461869,
      7.60391517868282
    ],
    [
      -2.0979251670011556,
      8.40386430321281
    ],
    [
      -2.343565907350968,
      9.502058691759501
    ],
    [
      -8.731280884570909,
      6.700653526142709
    ],
    [
      3.6804932285785807,
      1.9599127462161237
    ],
    [
      -7.271253837319389,
      -7.041140351378784
    ],
    [
      4.54369835383754,
      2.123943355107538
    ],
    [
      4.443824759662022,
      1.2414122098746727
    ],
    [
      -7.6809984732992564,
      6.389890319202829
    ],
    [
      -6.618656408342821,
      -6.731617256659353
    ],
    [
      -7.475278939752594,
      -6.5518327889590315
    ],
    [
      4.374998734344582,
      2.22980340049741
    ],
    [
      4.62252295137548,
      1.3888306651309659
    ],
    [
      -2.4754335207087883,
      8.301912035091593
    ],
    [
      -3.3716565393092663,
      8.733142363577835
    ],
    [
      -7.766355711973348,
      7.640482426657709
    ],
    [
      -7.219639551940515,
      -6.763982744695445
    ],
    [
      4.787938974760389,
      2.1036973200306766
    ],
    [
      -1.9936978618047747,
      9.479926187756421
    ],
    [
      4.669993941198615,
      3.204790740183375
    ],
    [
      -6.765897223849206,
      -6.226538216134733
    ],
    [
      -3.0846944117639015,
      9.202135137371158
    ],
    [
      -7.011955607770248,
      -5.520025009981137
    ],
    [
      -2.139964333055045,
      9.099970268793307
    ],
    [
      -2.739517008532644,
      9.54284724130778
    ],
    [
      4.683402370347187,
      1.8236660087077983
    ],
    [
      -6.754380765978332,
      -6.706885488527459
    ],
    [
      -2.9632096608133556,
      8.308134277530677
    ],
    [
      -6.397939126529109,
      -6.673719129807697
    ],
    [
      4.530042892309345,
      2.151725969696605
    ],
    [
      -6.300329401647568,
      -7.290450752451802
    ],
    [
      5.0975798950791384,
      2.1375452387705742
    ],
    [
      4.468521577964717,
      1.5720310493299225
    ],
    [
      -1.7763732385919733,
      8.901397977955053
    ],
    [
      -8.58081012303168,
      7.580415890954807
    ],
    [
      -3.1732906475019655,
      9.112716746132882
    ],
    [
      -7.3243844059640315,
      -7.288014735758666
    ],
    [
      -7.339339308268172,
      -6.105142390767177
    ],
    [
      -6.749685794027059,
      -6.489198157387292
    ],
    [
      4.603873775437934,
      2.474936132886744
    ],
    [
      -8.80922339741301,
      6.752037766583392
    ],
    [
      -2.8100509291674487,
      9.94042522045279
    ],
    [
      -9.169220989020204,
      7.749739582896815
    ],
    [
      4.288852289289425,
      1.8093386106418479
    ],
    [
      5.3412759916961505,
      1.2722441525445916
    ],
    [
      -8.75173729371042,
      7.516181605363122
    ],
    [
      4.235632034781507,
      1.7222911621484638
    ],
    [
      -8.601708944349237,
      7.287108459170267
    ],
    [
      -6.73309095450193,
      -7.237285302289131
    ],
    [
      -2.7409064694589813,
      8.781421251413192
    ],
    [
      -9.203511072494578,
      7.431752210289691
    ],
    [
      4.685759224495852,
      0.9793852266402856
    ],
    [
      4.688417610902121,
      2.4574921792071764
    ],
    [
      -8.296802135048372,
      7.850423941516155
    ],
    [
      -9.074293689530727,
      7.8679982139823865
    ],
    [
      -9.081009530550562,
      7.364459985191864
    ],
    [
      -6.918178045858322,
      -6.709533605867625
    ],
    [
      4.933307383128237,
      3.068397496845721
    ],
    [
      3.330006284183229,
      2.384120936128344
    ],
    [
      4.559235980395097,
      2.175195112348001
    ],
    [
      -2.8095169680121526,
      8.868439253301684
    ],
    [
      -7.498102546590311,
      -7.540337899818085
    ],
    [
      4.820696848751918,
      1.6506098066381698
    ],
    [
      -2.7439348160202264,
      9.285566149991304
    ],
    [
      -2.8476586232057297,
      9.320124272618756
    ],
    [
      -6.566793517268767,
      -7.308688371484088
    ],
    [
      -2.388216487269733,
      8.057646005869422
    ],
    [
      -6.4685971111540255,
      -5.931713101948973
    ],
    [
      -9.195979611265994,
      7.663321789966041
    ],
    [
      5.035394809749625,
      1.5184759565433625
    ],
    [
      -2.5670217642468702,
      8.863734280403676
    ],
    [
      -7.002321249152705,
      -7.256977675454691
    ],
    [
      4.768654031589484,
      1.9359467260576484
    ],
    [
      -9.23458812585236,
      7.2661546947652536
    ],
    [
      -6.991358583814195,
      -6.523109346229901
    ],
    [
      -2.7813889853153415,
      9.069747423053254
    ],
    [
      -2.3471556383553525,
      8.821744987990163
    ],
    [
      4.820576638982308,
      2.7421879671737166
    ],
    [
      5.3788258585988595,
      1.7140345748039083
    ],
    [
      -6.74128179148626,
      -6.466517968757935
    ],
    [
      -9.850899049964815,
      7.416750072883417
    ],
    [
      -9.527162440614555,
      6.854610395541142
    ],
    [
      -8.580803913482987,
      9.249888660826064
    ],
    [
      -8.815541836684103,
      6.997722741695795
    ],
    [
      -6.829801508607449,
      -7.131847420334046
    ],
    [
      4.642435564549332,
      1.8558761172531586
    ],
    [
      -9.224740363904797,
      7.205113612128699
    ],
    [
      -9.261724615670213,
      6.566099303155771
    ],
    [
      -7.366968026264931,
      -6.486567291404721
    ],
    [
      -3.0623651100557643,
      8.416182816157987
    ],
    [
      5.211290243485612,
      2.349136200284119
    ],
    [
      -6.873126245212316,
      -6.153342554697288
    ],
    [
      5.582971786833366,
      2.0604585903566517
    ],
    [
      -8.585834117145781,
      7.756400512583764
    ],
    [
      -2.9288063846640693,
      8.859679940272715
    ],
    [
      -5.946739935578892,
      -6.643193132820053
    ],
    [
      -6.472868582466435,
      -7.495541751492924
    ],
    [
      -9.06158523266952,
      7.751722312660439
    ],
    [
      -2.3373884782685197,
      8.132766050516954
    ],
    [
      -7.683368808431884,
      -6.787792664009794
    ],
    [
      -7.654958906684336,
      -6.845828105872933
    ],
    [
      -7.410779048014323,
      -6.643313377958356
    ],
    [
      -8.552882501289426,
      7.891305735589002
    ],
    [
      -7.374895353716615,
      -7.163258458077332
    ],
    [
      -2.4047658255503723,
      8.034451066258434
    ],
    [
      -9.438475960163899,
      7.156272297578229
    ],
    [
      -8.495197661448753,
      6.517164979903877
    ],
    [
      -8.361326874889409,
      7.649218541151602
    ],
    [
      -7.415073440181827,
      -6.638873385654354
    ],
    [
      3.9321934652028943,
      1.7628470225580526
    ],
    [
      -9.280256474736577,
      7.400385468471467
    ],
    [
      4.621965816673126,
      2.755491511847735
    ],
    [
      -8.806187747088279,
      6.78465052653405
    ],
    [
      -1.7195912152990545,
      9.398003492774777
    ]
  ],