{
  "name": "blobs_n5",
  "params": {
    "n_clusters": 5,
    "random_state": 42
  },
  "X": [
    [
      -8.501146111400498,
      7.467996239926477
    ],
    [
      -6.696947643185356,
      -6.7761649576443315
    ],
    [
      -8.777714432588096,
      7.458383998403796
    ],
    [
      2.044798241547588,
      3.784240883645652
    ],
    [
      -2.827006049485174,
      8.51997983273097
    ],
    [
      -2.4360953648010857,
      8.3284015848404
    ],
    [
      1.5401159560791937,
      3.833212791950616
    ],
    [
      1.7719439366231868,
      4.399310768048045
    ],
    [
      5.157141751887632,
      1.7917751075449555
    ],
    [
      -2.221306903816634,
      8.586990850708464
    ],
    [
      2.1475258109860746,
      4.357726140149791
    ],
    [
      -7.4422463232477,
      -6.8154877427896405
    ],
    [
      4.252661595325992,
      1.5544973655124972
    ],
    [
      -2.670421192888676,
      9.384278907374942
    ],
    [
      4.673855978499915,
      2.312195430627243
    ],
    [
      4.671995108015527,
      1.2775205638304197
    ],
    [
      2.2624913014952552,
      3.597001001004531
    ],
    [
      -2.5496745218886345,
      8.908899834742071
    ],
    [
      4.47216785298225,
      1.908189042108396
    ],
    [
      -8.735752390981473,
      7.073499919189475
    ],
    [
      4.743520933200703,
      2.064539029203693
    ],
    [
      -6.8585466176719105,
      -6.017974853906097
    ],
    [
      -6.6742272083211756,
      -6.113450124242454
    ],
    [
      -2.699731576636564,
      9.053109034596774
    ],
    [
      -2.8636885151697986,
      9.124272694606667
    ],
    [
      -8.619344184918258,
      7.0235177707530045
    ],
    [
      -6.936077190234373,
      -6.738691793390858
    ],
    [
      4.614675293674985,
      2.3244061982029405
    ],
    [
      -2.3889312217037886,
      8.397222073821364
    ],
    [
      4.346152703100178,
      1.864945352392807
    ],
    [
      1.856069375957841,
      3.9327863245201096
    ],
    [
      -7.312559939958598,
      -7.342269407855444
    ],
    [
      4.454462764909638,
      2.1528132855304065
    ],
    [
      -2.719421164524332,
      8.912193315770674
    ],
    [
      -8.185306677735346,
      7.489364437817828
    ],
    [
      -1.9962205539302063,
      8.935264423028034
    ],
    [
      -9.149657807004944,
      7.0379893157608
    ],
    [
      -6.479639206071013,
      -6.6169330318355755
    ],
    [
      -6.891776310548106,
      -7.289146906442783
    ],
    [
      -6.946953528824663,
      -6.7745680234591825
    ],
    [
      -8.924213597237015,
      7.059715257973582
    ],
    [
      -2.485562751411977,
      8.515624263023613
    ],
    [
      1.7449179764127305,
      4.121293801407494
    ],
    [
      -2.2507343200543564,
      9.07426502661481
    ],
    [
      -9.213140130957399,
      7.492388260833818
    ],
    [
      1.8524229931239895,
      4.190107504706122
    ],
    [
      -6.791954693530213,
      -6.758852719952005
    ],
    [
      4.641668546052963,
      1.8910641872594305
    ],
    [
      4.7664514449947735,
      1.7473777698289386
    ],
    [
      -7.226314904947011,
      -7.078313798636917
    ],
    [
      -2.513921651711027,
      8.644087303063756
    ],
    [
      2.4013681699755227,
      4.530282274133125
    ],
    [
      4.5026409826318465,
      1.4609394520944905
    ],
    [
      2.832430733199904,
      3.5079087385137973
    ],
    [
      -8.550606700637939,
      7.987400459427585
    ],
    [
      4.960269577423827,
      2.0882325723216217
    ],
    [
      -7.153765843468953,
      -6.9928311239479335
    ],
    [
      -9.179466341215573,
      7.599002526808562
    ],
    [
      -2.4245108280046384,
      8.344638042568093
    ],
    [
      -9.134705557959952,
      6.79332638685865
    ],
    [
      4.5629936754849725,
      2.0981590839698434
    ],
    [
      4.3941602533710284,
      1.8584879326315131
    ],
    [
      2.222111913606784,
      4.558899529984118
    ],
    [
      2.0382503788305106,
      3.9333914342588727
    ],
    [
      -6.594896165071885,
      -7.310912104027831
    ],
    [
      2.2025625783872065,
      4.341276638740182
    ],
    [
      4.670345310111461,
      1.8685171112776784
    ],
    [
      -6.219462125727585,
      -6.819007358784803
    ],
    [
      -2.719794937333039,
      9.66258349277645
    ],
    [
      -9.076336409188482,
      7.404811709505054
    ],
    [
      4.766367298156046,
      2.5114824822038213
    ],
    [
      -2.6713938155371117,
      8.851280714448732
    ],
    [
      -2.148347790179167,
      9.34023416988899
    ],
    [
      -8.67269458803527,
      7.298032796068798
    ],
    [
      -3.1129188644323116,
      8.81748549296398
    ],
    [
      -8.865313354930947,
      7.442926106684529
    ],
    [
      1.3135003295340133,
      4.226710566090208
    ],
    [
      -6.388649182323635,
      -7.370757465253245
    ],
    [
      -3.0266803196813497,
      8.762340655260173
    ],
    [
      -8.741485976870504,
      7.613037052661311
    ],
    [
      -7.551197116505935,
      -6.889389449683173
    ],
    [
      3.722968049796691,
      2.2608355604720605
    ],
    [
      -8.817954705179911,
      6.923483311257985
    ],
    [
      -2.912045375150556,
      9.145780434619306
    ],
    [
      -2.7461203231598357,
      9.228372829292626
    ],
    [
      4.6273397225396184,
      2.520794963475634
    ],
    [
      4.356906075215486,
      1.7975547186861442
    ],
    [
      -8.833777094478743,
      7.832259842503764
    ],
    [
      1.6021964923946541,
      4.044376123376577
    ],
    [
      1.766671913763178,
      4.2372120622746
    ],
    [
      1.7518114097760256,
      4.078565043561905
    ],
    [
      -9.147677859306407,
      7.377326702579638
    ],
    [
      -7.422359392024417,
      -6.856112552093837
    ],
    [
      4.144499076510456,
      1.8259438209728565
    ],
    [
      1.79067497219524,
      4.459803223099588
    ],
    [
      -8.994607989859468,
      7.623262493511918
    ],
    [
      -8.432819303983418,
      7.036284104075604
    ],
    [
      4.924262874066071,
      2.44785369394052
    ],
    [
      -6.602766009686204,
      -7.198395202454106
    ],
    [
      -8.930957648269295,
      8.27558212380507
    ],
    [
      2.2025669250712925,
      5.509907577650061
    ],
    [
      -6.789484554398302,
      -6.906165663794106
    ],
    [
      2.7726806661280397,
      4.383323213732213
    ],
    [
      4.755821037219349,
      2.3146104784335577
    ],
    [
      -9.255283980656937,
      7.5533166785205434
    ],
    [
      -6.800016214039824,
      -6.422609629277097
    ],
    [
      -8.76339494619044,
      6.887514342949507
    ],
    [
      -2.395768233764572,
      8.879507330052611
    ],
    [
      -6.788668213164322,
      -6.606471588153888
    ],
    [
      -7.251433490955407,
      -6.714352242553633
    ],
    [
      -7.201425673133101,
      -6.337632551519808
    ],
    [
      2.3562008520867965,
      4.389438493877938
    ],
    [
      -6.844749213370596,
      -7.056326072216616
    ],
    [
      -2.974062740167201,
      9.083187560752515
    ],
    [
      -2.673513658129983,
      9.204182143453409
    ],
    [
      1.857124081837874,
      4.542584264859487
    ],
    [
      1.9119559992400548,
      4.427090783093552
    ],
    [
      -8.916539731500059,
      7.5734230884309355
    ],
    [
      4.519928755443732,
      1.6923726397131653
    ],
    [
      2.1990457825073357,
      4.464465873880451
    ]
  ],