{
  "name": "blobs_n3",
  "params": {
    "n_clusters": 3,
    "random_state": 42
  },
  "X": [
    [
      -2.7008673181908662,
      8.940022537532794
    ],
    [
      -2.5145965129479237,
      8.59120175661596
    ],
    [
      -2.91433007118652,
      9.13998506123643
    ],
    [
      -2.184187294095071,
      9.55678213962665
    ],
    [
      -7.0057348890074085,
      -6.576521905078639
    ],
    [
      -3.100606419199721,
      8.726348444840438
    ],
    [
      -6.736512247011957,
      -6.655795782728653
    ],
    [
      -2.1801796582114745,
      8.525948668209912
    ],
    [
      -2.376692250491325,
      9.404504179047265
    ],
    [
      -6.793989693499189,
      -7.378405104760742
    ],
    [
      3.8723703501084845,
      1.9625641337610453
    ],
    [
      4.326577519293607,
      1.8443450774584618
    ],
    [
      4.562934450315653,
      2.093788620874177
    ],
    [
      4.483035574975238,
      1.3877637046878846
    ],
    [
      -5.953763764481867,
      -7.627015670312646
    ],
    [
      4.84865546247486,
      2.0919635532340064
    ],
    [
      4.163357437347042,
      2.235791127394264
    ],
    [
      4.427974754721286,
      2.1784766571860743
    ],
    [
      4.625994128346004,
      1.5056984688929191
    ],
    [
      -2.482186341177581,
      8.444386853712938
    ],
    [
      -3.1991647560579635,
      8.789371116501933
    ],
    [
      -6.022049555421139,
      -6.6265419843487425
    ],
    [
      4.367868947596705,
      2.0660711628051334
    ],
    [
      4.7583269470539316,
      2.077591792812688
    ],
    [
      -2.0967978140543697,
      9.3867981758448
    ],
    [
      4.663970920204512,
      2.9584665289348466
    ],
    [
      4.730862810069753,
      2.4960267856537035
    ],
    [
      -2.9695950540216716,
      9.16456533553659
    ],
    [
      -6.985489924446452,
      -5.792041926640099
    ],
    [
      -2.213810991054586,
      9.08283344067431
    ],
    [
      -2.693453131436665,
      9.437135018685888
    ],
    [
      -2.474378795757482,
      8.894683188011975
    ],
    [
      4.740075976366452,
      2.1117489677395223
    ],
    [
      -2.8724072532612346,
      8.449364647664204
    ],
    [
      5.02522928792583,
      2.138282054715331
    ],
    [
      -2.5970663781877548,
      9.15713115680302
    ],
    [
      5.103317067831063,
      1.6448967566000479
    ],
    [
      5.006039683308931,
      2.1046701278046056
    ],
    [
      4.5027930296173935,
      1.6522587762520844
    ],
    [
      -1.9229381154841285,
      8.923975608003706
    ],
    [
      -6.6736130842678065,
      -6.674595212911063
    ],
    [
      -3.0404720426121226,
      9.093030622545971
    ],
    [
      -7.23543296300148,
      -7.206433707262122
    ],
    [
      4.27210914253458,
      2.5931434459477476
    ],
    [
      4.7438319539274705,
      2.285898832651656
    ],
    [
      -2.5380016716848837,
      9.415699287355132
    ],
    [
      -6.85634370377287,
      -7.337297712408196
    ],
    [
      -2.749880267944509,
      9.755197402001897
    ],
    [
      -7.144341777058625,
      -6.539136259357457
    ],
    [
      4.35905759867716,
      1.8421048253016248
    ],
    [
      5.200996560602541,
      1.4124292588238196
    ],
    [
      -6.810354820810797,
      -6.7259826413844115
    ],
    [
      -2.8325950642100253,
      8.813583310764507
    ],
    [
      -6.690332141321852,
      -6.909241158338696
    ],
    [
      4.757107825547574,
      1.687429116730185
    ],
    [
      -2.694564700177735,
      8.827994226770219
    ],
    [
      -7.171773843838125,
      -6.793526157443156
    ],
    [
      -2.4724933124385493,
      8.219258562357965
    ],
    [
      4.678709855967318,
      2.360627680153888
    ],
    [
      -6.446406693881159,
      -6.458588772461986
    ],
    [
      -7.068399937467044,
      -6.444529354489
    ],
    [
      -7.073772610282911,
      -6.847359937521418
    ],
    [
      -6.910467874916912,
      -6.743648803349289
    ],
    [
      4.8746216737482095,
      2.8493519342647233
    ],
    [
      -3.557095664688648,
      9.343047129948411
    ],
    [
      4.575364551561698,
      2.1347900266665474
    ],
    [
      -2.7494530990202724,
      8.897608628281011
    ],
    [
      4.145098551876869,
      1.4449870387070214
    ],
    [
      -2.3645432130336967,
      8.756238226356272
    ],
    [
      -2.6969873774267312,
      9.231310145632708
    ],
    [
      -2.7799664231751335,
      9.258956643734669
    ],
    [
      -6.6293602520452675,
      -7.22297261584246
    ],
    [
      -2.4124127144263365,
      8.248974030335201
    ],
    [
      -6.550803127153474,
      -6.121392400214368
    ],
    [
      -7.165748674855258,
      -6.608270493702077
    ],
    [
      4.95629161504532,
      1.6094147020228364
    ],
    [
      -2.5554569360080466,
      8.893844649962606
    ],
    [
      -6.977782437552419,
      -7.181604059018943
    ],
    [
      4.742898992517207,
      1.9433913176342652
    ],
    [
      -7.19663548652435,
      -6.926004169862706
    ],
    [
      -6.969012305281611,
      -6.594509395639109
    ],
    [
      -2.7269507128628234,
      9.058655164082268
    ],
    [
      -2.379564035294832,
      8.860253216031795
    ],
    [
      -2.3646393808493844,
      9.62950075478471
    ],
    [
      -1.9180400051561437,
      8.806978040888863
    ],
    [
      -6.768950871419262,
      -6.549236293661537
    ],
    [
      -7.689684225814313,
      -6.805527867368175
    ],
    [
      -7.430694938334106,
      -7.255239609241996
    ],
    [
      -6.673608116628851,
      -5.339016997014058
    ],
    [
      -6.861398455189745,
      -7.140749732318273
    ],
    [
      4.679739382263158,
      1.7717794222942522
    ],
    [
      4.6419242188850856,
      1.8793348305906732
    ],
    [
      -7.188757276966299,
      -6.97483703597195
    ],
    [
      -7.2183446783786325,
      -7.4860484831502925
    ],
    [
      4.250006168137173,
      2.2880035254377127
    ],
    [
      -2.9517316126551614,
      8.535803478566054
    ],
    [
      5.09700796203411,
      2.273942897015442
    ],
    [
      -6.874426434400108,
      -6.29869596241302
    ],
    [
      5.394353196712314,
      2.0430008090734675
    ],
    [
      -6.677632279559087,
      -6.533807515607898
    ],
    [
      -2.8448846323418056,
      8.890601177857835
    ],
    [
      5.3861886406860044,
      2.162702852305447
    ],
    [
      4.9652857231759695,
      1.48082395736715
    ],
    [
      -7.058233171978078,
      -6.537550075546558
    ],
    [
      -2.3717503072253656,
      8.309070066053227
    ],
    [
      3.9968855424036103,
      2.0470232273536535
    ],
    [
      4.019613463801648,
      2.0005948738631427
    ],
    [
      4.214957350737659,
      2.1626066561948045
    ],
    [
      -6.651270986874003,
      -6.425883337203707
    ],
    [
      4.243664306175826,
      1.7466505920996231
    ],
    [
      -2.425652185050848,
      8.23041807864641
    ],
    [
      -7.359745753973581,
      -7.013910087612326
    ],
    [
      -6.605123115001465,
      -7.525195941751807
    ],
    [
      -6.498026485753989,
      -6.619553092753628
    ],
    [
      -7.307984190375715,
      -6.687120627178673
    ],
    [
      4.0737305394079355,
      1.8049115548345884
    ],
    [
      -7.233170165631723,
      -6.818619550897735
    ],
    [
      -2.523528038696731,
      9.640143590523923
    ],
    [
      -6.853915183513085,
      -7.311207504447669
    ],
    [
      -1.8775124968497936,
      9.321260019859485
    ]
  ],