{
  "name": "blobs",
  "params": {
    "min_cluster_size": 5,
    "min_samples": 3,
    "cluster_selection_method": "eom",
    "cluster_selection_epsilon": 0.0,
    "metric": "euclidean"
  },
  "labels": [
    1,
    1,
    2,
    1,
    0,
    0,
    0,
    2,
    1,
    2,
    2,
    1,
    2,
    0,
    2,
    2,
    2,
    0,
    0,
    0,
    2,
    2,
    0,
    1,
    2,
    1,
    1,
    2,
    0,
    1,
    2,
    0,
    1,
    2,
    2,
    2,
    0,
    2,
    1,
    0,
    0,
    0,
    1,
    0,
    2,
    1,
    1,
    0,
    2,
    1,
    1,
    0,
    0,
    1,
    0,
    1,
    1,
    2,
    2,
    0,
    0,
    2,
    0,
    1,
    1,
    0,
    2,
    0,
    2,
    2,
    1,
    1,
    1,
    1,
    2,
    0,
    0,
    1,
    1,
    2
  ],
  "probabilities": [
    0.4354585457065332,
    0.7906984361801804,
    0.589184053188031,
    1.0,
    1.0,
    1.0,
    1.0,
    0.576568585207859,
    1.0,
    1.0,
    0.35247911568930973,
    0.9845585234535452,
    0.45527850897032834,
    1.0,
    0.9764316036042808,
    0.589184053188031,
    0.4382283764352285,
    0.78087931922517,
    1.0,
    0.897989603469696,
    1.0,
    1.0,
    1.0,
    0.4713278182225756,
    0.560169068389236,
    1.0,
    0.6718820150337029,
    0.589184053188031,
    1.0,
    1.0,
    1.0,
    1.0,
    0.7848144186875566,
    0.5502990903224881,
    0.5380122784457471,
    1.0,
    1.0,
    0.6314398457688312,
    0.8813830143446413,
    1.0,
    1.0,
    1.0,
    0.7906984361801804,
    1.0,
    0.9764316036042808,
    0.37961989958628173,
    0.6211105130688008,
    1.0,
    0.9764316036042808,
    1.0,
    0.6284168842396544,
    1.0,
    0.9170237641190024,
    0.9845585234535452,
    1.0,
    0.805032354611288,
    0.2769441637005671,
    0.589184053188031,
    0.9785779563424887,
    1.0,
    0.592184741301534,
    0.5114490975664698,
    1.0,
    1.0,
    0.9845585234535452,
    1.0,
    0.8512569488896218,
    1.0,
    0.5502990903224881,
    0.4382283764352285,
    0.4925413313395927,
    0.48754962460056445,
    1.0,
    0.5889652775653406,
    0.589184053188031,
    1.0,
    0.9468053589622542,
    0.7495842803252624,
    0.7906984361801804,
    0.9764316036042808
  ],
  "single_linkage_tree": [
    [
      2,
      74,
      0.13110570963293663,
      2
    ],
    [
      80,
      57,
      0.13110570963293663,
      3
    ],
    [
      63,
      8,
      0.16442113190739163,
      2
    ],
    [
      82,
      29,
      0.16442113190739163,
      3
    ],
    [
      36,
      59,
      0.17902898353253427,
      2
    ],
    [
      84,
      6,
      0.17902898353253427,
      3
    ],
    [
      48,
      14,
      0.18507171196309002,
      2
    ],
    [
      86,
      79,
      0.18507171196309002,
      3
    ],
    [
      3,
      25,
      0.21137589228654502,
      2
    ],
    [
      88,
      72,
      0.21137589228654502,
      3
    ],
    [
      35,
      9,
      0.2116216052118309,
      2
    ],
    [
      90,
      30,
      0.22390013091659786,
      3
    ],
    [
      81,
      15,
      0.24015999955544756,
      4
    ],
    [
      91,
      20,
      0.2409490622738435,
      4
    ],
    [
      93,
      21,
      0.2409490622738435,
      5
    ],
    [
      94,
      58,
      0.2462236766239957,
      6
    ],
    [
      44,
      87,
      0.24676491562177363,
      4
    ],
    [
      95,
      96,
      0.24676491562177363,
      10
    ],
    [
      43,
      54,
      0.2510033008086515,
      2
    ],
    [
      98,
      22,
      0.2510033008086515,
      3
    ],
    [
      11,
      53,
      0.2510611334162184,
      2
    ],
    [
      100,
      64,
      0.2510611334162184,
      3
    ],
    [
      49,
      89,
      0.26358027745804813,
      4
    ],
    [
      83,
      102,
      0.26358027745804813,
      7
    ],
    [
      101,
      103,
      0.26771417968480443,
      10
    ],
    [
      65,
      85,
      0.2709092256806629,
      4
    ],
    [
      18,
      105,
      0.2709092256806629,
      5
    ],
    [
      99,
      106,
      0.2709092256806629,
      8
    ],
    [
      97,
      66,
      0.28305091968780643,
      11
    ],
    [
      107,
      28,
      0.2894757274570145,
      9
    ],
    [
      31,
      4,
      0.2941357079170242,
      2
    ],
    [
      110,
      39,
      0.29481659558859796,
      3
    ],
    [
      111,
      62,
      0.29481659558859796,
      4
    ],
    [
      104,
      38,
      0.2990530486386048,
      11
    ],
    [
      42,
      1,
      0.3092519322012421,
      2
    ],
    [
      114,
      78,
      0.3092519322012421,
      3
    ],
    [
      109,
      51,
      0.31011490098204914,
      10
    ],
    [
      113,
      55,
      0.3274157565820054,
      12
    ],
    [
      117,
      115,
      0.33335120622141307,
      15
    ],
    [
      118,
      32,
      0.3358504522621193,
      16
    ],
    [
      116,
      67,
      0.339362821055502,
      11
    ],
    [
      112,
      75,
      0.34671387970852646,
      5
    ],
    [
      120,
      40,
      0.34895498601815683,
      12
    ],
    [
      77,
      119,
      0.35163527888241525,
      17
    ],
    [
      5,
      13,
      0.3732501414071938,
      2
    ],
    [
      124,
      121,
      0.3732501414071938,
      7
    ],
    [
      108,
      37,
      0.3815867241961389,
      12
    ],
    [
      123,
      26,
      0.3923014332283123,
      18
    ],
    [
      27,
      126,
      0.4089538081862299,
      13
    ],
    [
      92,
      128,
      0.4089538081862299,
      17
    ],
    [
      129,
      7,
      0.4179018220130374,
      18
    ],
    [
      127,
      50,
      0.4194353844851957,
      19
    ],
    [
      47,
      122,
      0.42334694913079096,
      13
    ],
    [
      131,
      46,
      0.424369370525936,
      20
    ],
    [
      130,
      24,
      0.4301363211051471,
      19
    ],
    [
      132,
      41,
      0.4363672656018015,
      14
    ],
    [
      68,
      33,
      0.43785110044910613,
      2
    ],
    [
      134,
      136,
      0.43785110044910613,
      21
    ],
    [
      133,
      73,
      0.4475310981788841,
      21
    ],
    [
      137,
      34,
      0.44785048952770445,
      22
    ],
    [
      135,
      125,
      0.47099182662393013,
      21
    ],
    [
      139,
      61,
      0.4711105433958241,
      23
    ],
    [
      76,
      140,
      0.49745369749508034,
      22
    ],
    [
      142,
      52,
      0.5136091833742373,
      23
    ],
    [
      143,
      19,
      0.524495856972162,
      24
    ],
    [
      141,
      12,
      0.5292344301925895,
      24
    ],
    [
      138,
      70,
      0.5351434705817963,
      22
    ],
    [
      146,
      71,
      0.5406224600705866,
      23
    ],
    [
      145,
      69,
      0.5498253313348742,
      25
    ],
    [
      148,
      16,
      0.5498253313348742,
      26
    ],
    [
      147,
      23,
      0.5592291973175608,
      24
    ],
    [
      144,
      17,
      0.603155718211712,
      25
    ],
    [
      0,
      150,
      0.6052936153322886,
      25
    ],
    [
      149,
      10,
      0.6835839388743428,
      27
    ],
    [
      152,
      45,
      0.6943268193930398,
      26
    ],
    [
      151,
      60,
      0.7953461036310394,
      26
    ],
    [
      154,
      56,
      0.9517451963459029,
      27
    ],
    [
      156,
      153,
      7.8523476854334655,
      54
    ],
    [
      157,
      155,
      12.675588890384244,
      80
    ]
  ],
  "tie_free": false,
  "min_mst_gap": 0.0,