{
  "name": "circles",
  "params": {
    "min_cluster_size": 5,
    "min_samples": 3,
    "cluster_selection_method": "eom",
    "cluster_selection_epsilon": 0.0,
    "metric": "euclidean"
  },
  "labels": [
    0,
    0,
    0,
    0,
    0,
    0,
    0,
    3,
    0,
    0,
    4,
    0,
    3,
    0,
    3,
    5,
    1,
    2,
    2,
    5,
    0,
    2,
    0,
    4,
    0,
    2,
    5,
    2,
    0,
    0,
    2,
    5,
    0,
    4,
    2,
    0,
    3,
    0,
    4,
    0,
    1,
    0,
    0,
    0,
    0,
    3,
    0,
    0,
    1,
    2,
    4,
    5,
    0,
    0,
    5,
    0,
    4,
    0,
    5,
    5,
    2,
    0,
    0,
    1,
    2,
    2,
    3,
    0,
    0,
    0,
    2,
    0,
    0,
    0,
    1,
    0,
    2,
    1,
    0,
    4
  ],
  "probabilities": [
    1.0,
    1.0,
    1.0,
    1.0,
    1.0,
    1.0,
    1.0,
    1.0,
    1.0,
    1.0,
    1.0,
    1.0,
    1.0,
    1.0,
    1.0,
    1.0,
    1.0,
    1.0,
    1.0,
    1.0,
    1.0,
    1.0,
    1.0,
    1.0,
    1.0,
    1.0,
    1.0,
    1.0,
    1.0,
    1.0,
    1.0,
    1.0,
    1.0,
    1.0,
    1.0,
    0.9915847316915896,
    1.0,
    1.0,
    0.769278003865233,
    1.0,
    0.8606135293773468,
    1.0,
    1.0,
    1.0,
    1.0,
    1.0,
    1.0,
    1.0,
    1.0,
    1.0,
    1.0,
    1.0,
    1.0,
    1.0,
    1.0,
    1.0,
    1.0,
    1.0,
    1.0,
    1.0,
    1.0,
    1.0,
    1.0,
    1.0,
    1.0,
    1.0,
    0.9477075219794266,
    1.0,
    1.0,
    1.0,
    1.0,
    1.0,
    1.0,
    1.0,
    1.0,
    1.0,
    1.0,
    1.0,
    1.0,
    0.9918881353510351
  ],
  "single_linkage_tree": [
    [
      16,
      48,
      0.04394884311671673,
      2
    ],
    [
      80,
      77,
      0.07091679260267757,
      3
    ],
    [
      74,
      81,
      0.07821819380478412,
      4
    ],
    [
      27,
      34,
      0.09358984174236282,
      2
    ],
    [
      83,
      18,
      0.09358984174236282,
      3
    ],
    [
      76,
      65,
      0.0989300434372865,
      2
    ],
    [
      85,
      17,
      0.0989300434372865,
      3
    ],
    [
      84,
      30,
      0.10023433575625314,
      4
    ],
    [
      86,
      25,
      0.1018456105733427,
      4
    ],
    [
      49,
      88,
      0.10648688742733879,
      5
    ],
    [
      64,
      89,
      0.10648688742733879,
      6
    ],
    [
      36,
      45,
      0.1070405961902299,
      2
    ],
    [
      33,
      56,
      0.10767016668532522,
      2
    ],
    [
      12,
      91,
      0.10882868146284179,
      3
    ],
    [
      70,
      87,
      0.11274016884059221,
      5
    ],
    [
      14,
      7,
      0.11403860517897416,
      2
    ],
    [
      93,
      95,
      0.11403860517897416,
      5
    ],
    [
      96,
      66,
      0.12033101197802855,
      6
    ],
    [
      59,
      51,
      0.1241565144949348,
      2
    ],
    [
      98,
      31,
      0.1241565144949348,
      3
    ],
    [
      90,
      21,
      0.12662673627960874,
      7
    ],
    [
      10,
      92,
      0.12800825818880335,
      3
    ],
    [
      60,
      100,
      0.12905377184490882,
      8
    ],
    [
      94,
      102,
      0.12905377184490882,
      13
    ],
    [
      50,
      23,
      0.14219266393621452,
      2
    ],
    [
      104,
      101,
      0.14219266393621452,
      5
    ],
    [
      105,
      79,
      0.1433555447115936,
      6
    ],
    [
      19,
      99,
      0.1458680084525601,
      4
    ],
    [
      63,
      82,
      0.158316057134694,
      5
    ],
    [
      11,
      13,
      0.15929370809280957,
      2
    ],
    [
      109,
      24,
      0.15929370809280957,
      3
    ],
    [
      58,
      26,
      0.16645004930499271,
      2
    ],
    [
      111,
      15,
      0.16645004930499271,
      3
    ],
    [
      1,
      69,
      0.1752019357123162,
      2
    ],
    [
      54,
      107,
      0.17765548133251108,
      5
    ],
    [
      112,
      114,
      0.17765548133251108,
      8
    ],
    [
      40,
      108,
      0.18395720231035123,
      6
    ],
    [
      38,
      106,
      0.18483911306675646,
      7
    ],
    [
      117,
      115,
      0.18483911306675646,
      15
    ],
    [
      6,
      61,
      0.1878641974656236,
      2
    ],
    [
      20,
      119,
      0.1878641974656236,
      3
    ],
    [
      52,
      28,
      0.18791407149365053,
      2
    ],
    [
      78,
      121,
      0.18849589235559194,
      3
    ],
    [
      110,
      47,
      0.18984335784923737,
      4
    ],
    [
      37,
      57,
      0.19329200147446324,
      2
    ],
    [
      124,
      55,
      0.19329200147446324,
      3
    ],
    [
      2,
      71,
      0.19357988805712248,
      2
    ],
    [
      42,
      4,
      0.19753292808591927,
      2
    ],
    [
      122,
      127,
      0.19753292808591927,
      5
    ],
    [
      126,
      75,
      0.20379557704412754,
      3
    ],
    [
      103,
      97,
      0.20534086729113785,
      19
    ],
    [
      118,
      116,
      0.20653237544816377,
      21
    ],
    [
      22,
      46,
      0.20985256816753117,
      2
    ],
    [
      131,
      130,
      0.21112510769253254,
      40
    ],
    [
      62,
      123,
      0.21616163540108138,
      5
    ],
    [
      29,
      113,
      0.2166116819593951,
      3
    ],
    [
      8,
      132,
      0.2193641492259269,
      3
    ],
    [
      134,
      67,
      0.22015891442305513,
      6
    ],
    [
      43,
      135,
      0.22015891442305513,
      4
    ],
    [
      137,
      138,
      0.22015891442305513,
      10
    ],
    [
      32,
      44,
      0.22297113110460107,
      2
    ],
    [
      140,
      120,
      0.22297113110460107,
      5
    ],
    [
      136,
      141,
      0.22297113110460107,
      8
    ],
    [
      53,
      125,
      0.2348265415149599,
      4
    ],
    [
      5,
      143,
      0.2348265415149599,
      5
    ],
    [
      68,
      144,
      0.24934823084464872,
      6
    ],
    [
      73,
      129,
      0.24982604139542935,
      4
    ],
    [
      145,
      146,
      0.24982604139542935,
      10
    ],
    [
      39,
      128,
      0.2526340502635153,
      6
    ],
    [
      9,
      148,
      0.2526340502635153,
      7
    ],
    [
      142,
      149,
      0.2526340502635153,
      15
    ],
    [
      139,
      72,
      0.26330257256262674,
      11
    ],
    [
      0,
      3,
      0.2633290641243883,
      2
    ],
    [
      152,
      147,
      0.2633290641243883,
      12
    ],
    [
      153,
      151,
      0.2633290641243883,
      23
    ],
    [
      41,
      150,
      0.26510869280819294,
      16
    ],
    [
      154,
      155,
      0.2786308568204625,
      39
    ],
    [
      156,
      35,
      0.2809955094257386,
      40
    ],
    [
      157,
      133,
      0.3456216614793702,
      80
    ]
  ],