{
  "name": "moons",
  "params": {
    "min_cluster_size": 5,
    "min_samples": 3,
    "cluster_selection_method": "eom",
    "cluster_selection_epsilon": 0.0,
    "metric": "euclidean"
  },
  "labels": [
    0,
    0,
    0,
    0,
    0,
    0,
    0,
    3,
    0,
    0,
    5,
    0,
    3,
    0,
    3,
    5,
    1,
    3,
    4,
    2,
    0,
    3,
    0,
    5,
    0,
    3,
    2,
    4,
    0,
    0,
    4,
    1,
    0,
    5,
    4,
    0,
    3,
    0,
    2,
    0,
    1,
    0,
    0,
    0,
    0,
    3,
    0,
    0,
    1,
    4,
    5,
    1,
    0,
    0,
    2,
    0,
    5,
    0,
    2,
    1,
    4,
    0,
    0,
    1,
    -1,
    -1,
    3,
    0,
    0,
    0,
    4,
    0,
    0,
    0,
    1,
    0,
    3,
    1,
    0,
    5
  ],
  "probabilities": [
    1.0,
    0.9943322820205598,
    1.0,
    1.0,
    1.0,
    1.0,
    1.0,
    1.0,
    1.0,
    1.0,
    1.0,
    1.0,
    1.0,
    0.932071586081157,
    1.0,
    1.0,
    1.0,
    0.7650076378149014,
    1.0,
    1.0,
    1.0,
    0.9049976979606928,
    1.0,
    1.0,
    1.0,
    0.7650076378149014,
    1.0,
    1.0,
    1.0,
    0.8249459822621393,
    1.0,
    0.7719095506202692,
    1.0,
    1.0,
    1.0,
    1.0,
    1.0,
    1.0,
    1.0,
    1.0,
    1.0,
    0.9963954615364975,
    1.0,
    0.932071586081157,
    1.0,
    0.9049976979606928,
    1.0,
    0.932071586081157,
    1.0,
    1.0,
    1.0,
    0.7719095506202692,
    1.0,
    1.0,
    1.0,
    1.0,
    1.0,
    1.0,
    1.0,
    0.7719095506202692,
    1.0,
    1.0,
    1.0,
    0.9753071355919041,
    0.0,
    0.0,
    1.0,
    0.932071586081157,
    1.0,
    0.9943322820205598,
    0.8520106045783481,
    1.0,
    0.9943322820205598,
    1.0,
    1.0,
    1.0,
    0.7650076378149014,
    1.0,
    1.0,
    1.0
  ],
  "single_linkage_tree": [
    [
      16,
      48,
      0.05973102565234047,
      2
    ],
    [
      47,
      43,
      0.0671086746778524,
      2
    ],
    [
      81,
      67,
      0.0671086746778524,
      3
    ],
    [
      77,
      80,
      0.08740430257530367,
      3
    ],
    [
      18,
      34,
      0.09391782148611788,
      2
    ],
    [
      84,
      27,
      0.09391782148611788,
      3
    ],
    [
      83,
      74,
      0.09867333619294505,
      4
    ],
    [
      14,
      66,
      0.09902502937173922,
      2
    ],
    [
      87,
      7,
      0.09902502937173922,
      3
    ],
    [
      4,
      42,
      0.09970562188698888,
      2
    ],
    [
      89,
      35,
      0.09970562188698888,
      3
    ],
    [
      72,
      1,
      0.10257716806629315,
      2
    ],
    [
      91,
      69,
      0.10257716806629315,
      3
    ],
    [
      15,
      56,
      0.10851299069315583,
      2
    ],
    [
      93,
      50,
      0.10851299069315583,
      3
    ],
    [
      57,
      73,
      0.11017121665130251,
      2
    ],
    [
      95,
      2,
      0.11017121665130251,
      3
    ],
    [
      88,
      12,
      0.11067017070331393,
      4
    ],
    [
      23,
      94,
      0.11345145832148681,
      4
    ],
    [
      52,
      78,
      0.11624728652527402,
      2
    ],
    [
      68,
      5,
      0.1223322147527947,
      2
    ],
    [
      38,
      54,
      0.12316958348121108,
      2
    ],
    [
      6,
      20,
      0.12532740852560878,
      2
    ],
    [
      3,
      100,
      0.12625341866762546,
      3
    ],
    [
      0,
      62,
      0.12749915342827584,
      2
    ],
    [
      104,
      103,
      0.12749915342827584,
      5
    ],
    [
      79,
      33,
      0.13038690466196895,
      2
    ],
    [
      106,
      10,
      0.13038690466196895,
      3
    ],
    [
      60,
      49,
      0.130671642820754,
      2
    ],
    [
      108,
      30,
      0.130671642820754,
      3
    ],
    [
      96,
      71,
      0.1315736729505111,
      4
    ],
    [
      105,
      11,
      0.13957950522185458,
      6
    ],
    [
      25,
      76,
      0.13985946990576095,
      2
    ],
    [
      61,
      102,
      0.14244764595718903,
      3
    ],
    [
      28,
      99,
      0.14331086867128168,
      3
    ],
    [
      90,
      114,
      0.14331086867128168,
      6
    ],
    [
      111,
      55,
      0.1435513065169439,
      7
    ],
    [
      116,
      53,
      0.1435513065169439,
      8
    ],
    [
      115,
      39,
      0.14828370395186982,
      7
    ],
    [
      109,
      85,
      0.1510748795321194,
      6
    ],
    [
      113,
      44,
      0.15556654592907987,
      4
    ],
    [
      36,
      97,
      0.1578356315365299,
      5
    ],
    [
      120,
      46,
      0.15938137304482838,
      5
    ],
    [
      122,
      32,
      0.15938137304482838,
      6
    ],
    [
      86,
      40,
      0.16039798653809384,
      5
    ],
    [
      124,
      63,
      0.16445894906813116,
      6
    ],
    [
      107,
      98,
      0.16560887408595742,
      7
    ],
    [
      117,
      24,
      0.16679125123836178,
      9
    ],
    [
      58,
      101,
      0.16734463902773536,
      3
    ],
    [
      112,
      17,
      0.1730525593763328,
      3
    ],
    [
      21,
      45,
      0.17440445637839097,
      2
    ],
    [
      130,
      121,
      0.17440445637839097,
      7
    ],
    [
      118,
      9,
      0.17587853846812776,
      8
    ],
    [
      132,
      123,
      0.17587853846812776,
      14
    ],
    [
      110,
      75,
      0.17657703361957483,
      5
    ],
    [
      134,
      133,
      0.17657703361957483,
      19
    ],
    [
      119,
      70,
      0.17731572672958093,
      7
    ],
    [
      135,
      8,
      0.17815094669058887,
      20
    ],
    [
      137,
      22,
      0.17815094669058887,
      21
    ],
    [
      51,
      59,
      0.18075628563842525,
      2
    ],
    [
      139,
      31,
      0.18075628563842525,
      3
    ],
    [
      128,
      26,
      0.18377494439907416,
      4
    ],
    [
      141,
      19,
      0.18851023587613325,
      5
    ],
    [
      136,
      126,
      0.19288212579630212,
      14
    ],
    [
      13,
      82,
      0.19311365744849732,
      4
    ],
    [
      37,
      138,
      0.19321840841777246,
      22
    ],
    [
      131,
      129,
      0.206319027071883,
      10
    ],
    [
      125,
      140,
      0.20779375823139612,
      9
    ],
    [
      127,
      145,
      0.21944899023253203,
      31
    ],
    [
      148,
      41,
      0.22024286410751953,
      32
    ],
    [
      149,
      92,
      0.22069985476745738,
      35
    ],
    [
      64,
      143,
      0.22334825056341082,
      15
    ],
    [
      146,
      151,
      0.22334825056341082,
      25
    ],
    [
      65,
      152,
      0.23375437916031166,
      26
    ],
    [
      150,
      144,
      0.2354422058451466,
      39
    ],
    [
      153,
      142,
      0.23980825403298936,
      31
    ],
    [
      154,
      29,
      0.2660161937279412,
      40
    ],
    [
      155,
      147,
      0.2896187615045104,
      40
    ],
    [
      156,
      157,
      0.3395494496764178,
      80
    ]
  ],