{
  "name": "nested",
  "params": {
    "min_cluster_size": 8,
    "min_samples": 2,
    "cluster_selection_method": "leaf",
    "cluster_selection_epsilon": 0.8,
    "metric": "euclidean"
  },
  "labels": [
    0,
    0,
    0,
    0,
    0,
    0,
    0,
    0,
    0,
    0,
    0,
    0,
    0,
    0,
    0,
    0,
    0,
    0,
    0,
    0,
    0,
    0,
    0,
    0,
    0,
    0,
    0,
    0,
    0,
    0,
    0,
    0,
    0,
    0,
    0,
    0,
    0,
    0,
    0,
    0,
    0,
    0,
    0,
    0,
    0,
    0,
    0,
    0,
    0,
    0,
    1,
    1,
    1,
    1,
    1,
    1,
    1,
    1,
    1,
    1,
    1,
    1,
    1,
    1,
    1,
    1,
    1,
    1,
    1,
    1,
    1,
    1,
    1,
    1,
    1,
    2,
    2,
    2,
    2,
    2,
    2,
    2,
    2,
    2,
    2,
    2,
    2,
    2,
    2,
    2,
    2,
    2,
    2,
    2,
    2,
    2,
    2,
    2,
    2,
    2
  ],
  "probabilities": [
    1.0,
    1.0,
    1.0,
    1.0,
    1.0,
    1.0,
    1.0,
    1.0,
    1.0,
    1.0,
    1.0,
    1.0,
    1.0,
    1.0,
    1.0,
    1.0,
    1.0,
    1.0,
    1.0,
    1.0,
    1.0,
    1.0,
    1.0,
    1.0,
    1.0,
    1.0,
    1.0,
    1.0,
    1.0,
    1.0,
    1.0,
    1.0,
    1.0,
    1.0,
    1.0,
    1.0,
    1.0,
    1.0,
    1.0,
    1.0,
    1.0,
    1.0,
    1.0,
    1.0,
    1.0,
    1.0,
    1.0,
    1.0,
    1.0,
    1.0,
    1.0,
    0.759715508736633,
    0.960974540678851,
    0.5973819845155297,
    0.759715508736633,
    1.0,
    1.0,
    0.759715508736633,
    0.960974540678851,
    0.759715508736633,
    1.0,
    1.0,
    0.759715508736633,
    0.9636724786115503,
    0.759715508736633,
    1.0,
    1.0,
    0.960974540678851,
    1.0,
    0.960974540678851,
    0.9646066096840732,
    1.0,
    0.759715508736633,
    1.0,
    1.0,
    1.0,
    1.0,
    1.0,
    0.8028440892062729,
    1.0,
    1.0,
    1.0,
    1.0,
    1.0,
    0.8234365148140699,
    1.0,
    1.0,
    1.0,
    0.5737311541452296,
    1.0,
    1.0,
    1.0,
    1.0,
    1.0,
    1.0,
    1.0,
    1.0,
    1.0,
    1.0,
    1.0
  ],
  "single_linkage_tree": [
    [
      14,
      16,
      0.0037302293132618894,
      2
    ],
    [
      75,
      86,
      0.016529812231502777,
      2
    ],
    [
      66,
      65,
      0.02023453012934124,
      2
    ],
    [
      18,
      22,
      0.029317123368531553,
      2
    ],
    [
      43,
      39,
      0.04046234713730144,
      2
    ],
    [
      83,
      82,
      0.04134537771718343,
      2
    ],
    [
      4,
      13,
      0.046459128926444,
      2
    ],
    [
      80,
      105,
      0.048879320354358234,
      3
    ],
    [
      32,
      29,
      0.049971339516931425,
      2
    ],
    [
      98,
      91,
      0.058828232777460535,
      2
    ],
    [
      11,
      3,
      0.060621566147509354,
      2
    ],
    [
      17,
      21,
      0.065203453206561,
      2
    ],
    [
      2,
      19,
      0.06915966738394137,
      2
    ],
    [
      81,
      77,
      0.06980969066597431,
      2
    ],
    [
      31,
      46,
      0.07286432978600574,
      2
    ],
    [
      27,
      30,
      0.08020962156423017,
      2
    ],
    [
      115,
      47,
      0.08480071271952407,
      3
    ],
    [
      67,
      69,
      0.08841224012807947,
      2
    ],
    [
      0,
      106,
      0.08876918162910334,
      3
    ],
    [
      12,
      23,
      0.09122652593909462,
      2
    ],
    [
      103,
      112,
      0.0919872465619106,
      4
    ],
    [
      118,
      100,
      0.0921800035929375,
      5
    ],
    [
      110,
      10,
      0.09612853659099341,
      3
    ],
    [
      104,
      48,
      0.09922082639125847,
      3
    ],
    [
      51,
      72,
      0.10184163937639414,
      2
    ],
    [
      93,
      85,
      0.10246488913622147,
      2
    ],
    [
      90,
      89,
      0.11149195252770068,
      2
    ],
    [
      79,
      92,
      0.11151301596023176,
      2
    ],
    [
      121,
      24,
      0.11554958163163265,
      6
    ],
    [
      64,
      124,
      0.11624365006483282,
      3
    ],
    [
      96,
      99,
      0.11853173088692934,
      2
    ],
    [
      38,
      33,
      0.1195297207348834,
      2
    ],
    [
      128,
      111,
      0.1236576310460435,
      8
    ],
    [
      113,
      87,
      0.1243532906776891,
      3
    ],
    [
      131,
      25,
      0.12967121391938927,
      3
    ],
    [
      108,
      134,
      0.13044509744877303,
      5
    ],
    [
      49,
      41,
      0.1309568451097109,
      2
    ],
    [
      132,
      20,
      0.13242147803257626,
      9
    ],
    [
      59,
      129,
      0.13460258415249252,
      4
    ],
    [
      122,
      5,
      0.13570384811326658,
      4
    ],
    [
      123,
      44,
      0.13640749856094944,
      4
    ],
    [
      136,
      42,
      0.13791528719887325,
      3
    ],
    [
      138,
      54,
      0.1388923731330697,
      5
    ],
    [
      140,
      114,
      0.13950740161310143,
      6
    ],
    [
      135,
      45,
      0.14090034612268432,
      6
    ],
    [
      144,
      141,
      0.14333984682223905,
      9
    ],
    [
      133,
      130,
      0.14440105406762077,
      5
    ],
    [
      127,
      76,
      0.14485041870640505,
      3
    ],
    [
      147,
      107,
      0.15664217342476963,
      6
    ],
    [
      56,
      50,
      0.15848550514488602,
      2
    ],
    [
      55,
      73,
      0.1587394566462461,
      2
    ],
    [
      148,
      94,
      0.16118914297267892,
      7
    ],
    [
      125,
      126,
      0.1619451910168401,
      4
    ],
    [
      137,
      15,
      0.16198716745972336,
      10
    ],
    [
      153,
      6,
      0.16395953701917373,
      11
    ],
    [
      152,
      109,
      0.16958606318273903,
      6
    ],
    [
      151,
      97,
      0.17512692292793217,
      8
    ],
    [
      117,
      52,
      0.1784315582301734,
      3
    ],
    [
      146,
      101,
      0.18032637830047293,
      7
    ],
    [
      158,
      155,
      0.18045841399903922,
      13
    ],
    [
      74,
      61,
      0.184747233046728,
      2
    ],
    [
      102,
      150,
      0.18475209218060568,
      4
    ],
    [
      149,
      71,
      0.18576452318863604,
      3
    ],
    [
      143,
      26,
      0.19265285141020677,
      7
    ],
    [
      154,
      139,
      0.1990497879968503,
      15
    ],
    [
      160,
      161,
      0.21354696785690333,
      6
    ],
    [
      159,
      95,
      0.21974247390110307,
      14
    ],
    [
      60,
      68,
      0.2209650778725161,
      2
    ],
    [
      145,
      36,
      0.2393829195678063,
      10
    ],
    [
      164,
      7,
      0.23947039174725904,
      16
    ],
    [
      168,
      40,
      0.24034942687823832,
      11
    ],
    [
      57,
      62,
      0.24332200140875376,
      2
    ],
    [
      163,
      37,
      0.2528505942307271,
      8
    ],
    [
      156,
      166,
      0.25926204923032853,
      22
    ],
    [
      157,
      58,
      0.2661805748245419,
      4
    ],
    [
      162,
      167,
      0.27638070900234496,
      5
    ],
    [
      171,
      142,
      0.27653067372921997,
      7
    ],
    [
      165,
      175,
      0.2790108922438191,
      11
    ],
    [
      177,
      70,
      0.28924837280059734,
      12
    ],
    [
      178,
      63,
      0.2895287542566487,
      13
    ],
    [
      179,
      174,
      0.2903416068096043,
      17
    ],
    [
      173,
      84,
      0.31485371921947053,
      23
    ],
    [
      169,
      9,
      0.3175985300361278,
      17
    ],
    [
      182,
      120,
      0.3216559648161836,
      21
    ],
    [
      181,
      78,
      0.3229295111167181,
      24
    ],
    [
      183,
      119,
