{
  "name": "single_blob",
  "params": {
    "min_cluster_size": 25,
    "min_samples": 1,
    "cluster_selection_method": "leaf",
    "cluster_selection_epsilon": 0.0,
    "metric": "euclidean"
  },
  "labels": [
    -1,
    -1,
    -1,
    -1,
    -1,
    -1,
    -1,
    -1,
    -1,
    -1,
    -1,
    -1,
    -1,
    -1,
    -1,
    -1,
    -1,
    -1,
    -1,
    -1,
    -1,
    -1,
    -1,
    -1,
    -1,
    -1,
    -1,
    -1,
    -1,
    -1,
    -1,
    -1,
    -1,
    -1,
    -1,
    -1,
    -1,
    -1,
    -1,
    -1,
    -1,
    -1,
    -1,
    -1,
    -1,
    -1,
    -1,
    -1,
    -1,
    -1
  ],
  "probabilities": [
    0.0,
    0.0,
    0.0,
    0.0,
    0.0,
    0.0,
    0.0,
    0.0,
    0.0,
    0.0,
    0.0,
    0.0,
    0.0,
    0.0,
    0.0,
    0.0,
    0.0,
    0.0,
    0.0,
    0.0,
    0.0,
    0.0,
    0.0,
    0.0,
    0.0,
    0.0,
    0.0,
    0.0,
    0.0,
    0.0,
    0.0,
    0.0,
    0.0,
    0.0,
    0.0,
    0.0,
    0.0,
    0.0,
    0.0,
    0.0,
    0.0,
    0.0,
    0.0,
    0.0,
    0.0,
    0.0,
    0.0,
    0.0,
    0.0,
    0.0
  ],
  "single_linkage_tree": [
    [
      35,
      6,
      0.0026074266024996265,
      2
    ],
    [
      8,
      19,
      0.005060245158783763,
      2
    ],
    [
      18,
      33,
      0.009373942724252371,
      2
    ],
    [
      12,
      41,
      0.009922402591871157,
      2
    ],
    [
      0,
      9,
      0.011508176130532156,
      2
    ],
    [
      32,
      27,
      0.012287359661217108,
      2
    ],
    [
      44,
      5,
      0.01465777261522263,
      2
    ],
    [
      3,
      17,
      0.015420914342901635,
      2
    ],
    [
      51,
      30,
      0.017177969231143217,
      3
    ],
    [
      53,
      23,
      0.020988324032839845,
      3
    ],
    [
      2,
      56,
      0.021944373115672156,
      3
    ],
    [
      52,
      58,
      0.02253249134082889,
      5
    ],
    [
      57,
      29,
      0.02281739455587042,
      3
    ],
    [
      42,
      13,
      0.022859657309907286,
      2
    ],
    [
      20,
      21,
      0.024319554164166198,
      2
    ],
    [
      50,
      26,
      0.025655004226742877,
      3
    ],
    [
      15,
      63,
      0.02689989615443389,
      3
    ],
    [
      59,
      31,
      0.02899474955188983,
      4
    ],
    [
      62,
      64,
      0.02922364903386795,
      5
    ],
    [
      61,
      10,
      0.030620215126867783,
      6
    ],
    [
      14,
      66,
      0.03072810077288016,
      4
    ],
    [
      43,
      39,
      0.03143529086562964,
      2
    ],
    [
      45,
      71,
      0.03166688792176975,
      3
    ],
    [
      22,
      70,
      0.03167681667435441,
      5
    ],
    [
      73,
      1,
      0.03206207491318283,
      6
    ],
    [
      46,
      49,
      0.032764433306781846,
      2
    ],
    [
      72,
      28,
      0.03285656120247764,
      4
    ],
    [
      60,
      75,
      0.033568736462261904,
      5
    ],
    [
      55,
      38,
      0.03487591438268555,
      3
    ],
    [
      76,
      7,
      0.035628443372507146,
      5
    ],
    [
      79,
      68,
      0.03593284056345223,
      10
    ],
    [
      74,
      67,
      0.036537236642425294,
      10
    ],
    [
      77,
      65,
      0.037073255435579225,
      8
    ],
    [
      80,
      36,
      0.03859900232399308,
      11
    ],
    [
      48,
      11,
      0.039551662734191244,
      2
    ],
    [
      81,
      82,
      0.04086594120604939,
      18
    ],
    [
      47,
      83,
      0.041851489117905545,
      12
    ],
    [
      25,
      34,
      0.04677063122118489,
      2
    ],
    [
      87,
      16,
      0.048255336228913474,
      3
    ],
    [
      86,
      88,
      0.05154262291399788,
      15
    ],
    [
      85,
      89,
      0.05220473966366152,
      33
    ],
    [
      90,
      40,
      0.05244986553328232,
      34
    ],
    [
      91,
      78,
      0.05776669765839777,
      37
    ],
    [
      92,
      84,
      0.0627765199463129,
      39
    ],
    [
      93,
      69,
      0.06697598308723893,
      45
    ],
    [
      94,
      4,
      0.08938033578707413,
      46
    ],
    [
      95,
      37,
      0.09491498717086802,
      47
    ],
    [
      24,
      96,
      0.1216609358582256,
      48
    ],
    [
      54,
      97,
      0.13558471214118795,
      50
    ]
  ],
  "tie_free": true,
  "min_mst_gap": 9.928752584660583e-06,
  "X": [
    [
      0.2706849839399938,
      0.06281327087844596
    ],
    [
      0.09079694464765431,
      0.050382575382239364
    ],
    [
      0.06511179479432687,
      -0.031931804459303326
    ],
    [
      -0.08480769834036316,
      0.060596534949493366
    ],
    [
      -0.2018168244037392,
      0.07401220570561068
    ],
    [
      0.052881349408935956,
      -0.05890005332865825
    ],
    [
      0.018869530944922427,
      -0.07588720562104662
    ],
    [
      -0.0933237216300919,
      0.09550565092637361
    ],
    [
      0.019079432237171564,
      0.19787573241128278
    ],
    [
      0.26059672797912803,
      0.06835088855389146
    ],
    [
      0.030266544858518252,
      0.1693722925204035
    ],
    [
      -0.17060859307350776,
      -0.11591194155484297
    ],
    [
      -0.013484072060601239,
      0.0390527842733741
    ],
    [
      0.01669046360928132,
      0.018450185928224266
    ],
    [
      0.08077059142577142,
      0.007295967531703869
    ],
    [
      0.0638787013499328,
      0.03296462988045245
    ],
    [
      -0.049710402288933156,
      -0.07540697010400628
    ],
    [
      -0.09434064032519315,
      0.048475164718163294
    ],
    [
      -0.011677331646707445,
      0.19017547952605124
    ],
    [
      0.023812695876901834,
      0.19966522853695667
    ],
    [
      -0.09932634999733661,
      0.019679950499134007
    ],
    [
      -0.11366445936091857,
      3.6647960564359204e-05
    ],
    [
      0.10259841520815721,
      -0.015659790428898753
    ],
    [
      -0.003157914390811258,
      0.06498258334908455
    ],
    [
      0.2154846443259472,
      -0.06102588558227415
    ],
    [
      -0.0755325340010558,
      -0.03464185035185446
    ],
    [
      0.01470267713241236,
      -0.0479448039041096
    ],
    [
      0.055876940644306705,
      0.10248102783372158
    ],
    [
      -0.09258742588099071,
      0.18628641384939537
    ],
    [
      -0.11338171615837889,
      0.061047790753846344
    ],
    [
      0.03860303121135517,
      0.20840185303389622
    ],
    [
      -0.03765186752492391,
      0.023033634359240704
    ],
    [
      0.06812092925867574,
      0.10351250747739214
    ],
    [
      -0.0031160481493099617,
      0.19399323109926203
    ],
    [
      -0.10051869172562661,
      -0.0741789704668925
    ],
    [
      0.01871245217641948,
      -0.07328451475428807
    ],
    [
      -0.13829200981158674,
      0.148249549608345
    ],
    [
      0.09614581560918356,
      -0.21412122910809264
    ],
    [
      0.09925734530526949,
      0.11922406372754867
    ],
    [
      -0.10467795376984979,
      0.12927645769293514
    ],
    [
      -0.14675140203361003,
      -0.04940953583391228
    ],
    [
      -0.01625347347726149,
      0.04858087374548611
    ],
    [
      0.039248881107944396,
      0.022149068500354543
    ],
    [
      -0.08551960407780934,
      0.15419904080312322
    ],
    [
      0.06663193209198147,
      -0.053823462551739226
    ],
    [
      -0.05685813606701186,
      0.14073382479609386
    ],
    [
      0.06418055114450044,
      -0.0905099901810439
    ],
    [
      -0.03911566271858832,
      0.10282931608187035
    ],
    [
      -0.19726051036093836,
      -0.08668850353083268
    ],
    [
      0.07207875987587122,
      -0.12230820379046313
    ]
  ]
}