{
  "name": "small_2d",
  "X": [
    [
      0.3745401188473625,
      0.9507143064099162
    ],
    [
      0.7319939418114051,
      0.5986584841970366
    ],
    [
      0.15601864044243652,
      0.15599452033620265
    ],
    [
      0.05808361216819946,
      0.8661761457749352
    ],
    [
      0.6011150117432088,
      0.7080725777960455
    ],
    [
      0.020584494295802447,
      0.9699098521619943
    ],
    [
      0.8324426408004217,
      0.21233911067827616
    ],
    [
      0.18182496720710062,
      0.18340450985343382
    ]
  ],
  "neighbor_distances": [
    [
      0.0,
      0.32755369212256635,
      0.33198070810740116,
      0.35447574406213617,
      0.5017136010769448,
      0.7911406029039841,
      0.824215490573505,
      0.8688340746556328
    ],
    [
      0.0,
      0.1705893848218244,
      0.39916487756879815,
      0.5017136010769448,
      0.6892907687074514,
      0.7250660877850523,
      0.7264288903176002,
      0.8024531015768507
    ],
    [
      0.0,
      0.03764670007343727,
      0.6787666322979612,
      0.7091551038198545,
      0.7169025114155172,
      0.7264288903176002,
      0.824215490573505,
      0.8251064024255031
    ],
    [
      0.0,
      0.11030351618150946,
      0.32755369212256635,
      0.5655792067712965,
      0.6938941055851293,
      0.7169025114155172,
      0.7250660877850523,
      1.01347657776992
    ],
    [
      0.0,
      0.1705893848218244,
      0.33198070810740116,
      0.5470504020525312,
      0.5655792067712965,
      0.6368472657828896,
      0.6716254335310156,
      0.7091551038198545
    ],
    [
      0.0,
      0.11030351618150946,
      0.35447574406213617,
      0.6368472657828896,
      0.8024531015768507,
      0.8028630914325088,
      0.8251064024255031,
      1.1104175243565397
    ],
    [
      0.0,
      0.39916487756879815,
      0.5470504020525312,
      0.651260752937622,
      0.6787666322979612,
      0.8688340746556328,
      1.01347657776992,
      1.1104175243565397
    ],
    [
      0.0,
      0.03764670007343727,
      0.651260752937622,
      0.6716254335310156,
      0.6892907687074514,
      0.6938941055851293,
      0.7911406029039841,
      0.8028630914325088
    ]
  ],
  "k_values": [
    1,
    2,
    3,
    4
  ],
  "core_distances": {
    "1": [
      0.0,
      0.0,
      0.0,
      0.0,
      0.0,
      0.0,
      0.0,
      0.0
    ],
    "2": [
      0.32755369212256635,
      0.1705893848218244,
      0.03764670007343727,
      0.11030351618150946,
      0.1705893848218244,
      0.11030351618150946,
      0.39916487756879815,
      0.03764670007343727
    ],
    "3": [
      0.33198070810740116,
      0.39916487756879815,
      0.6787666322979612,
      0.32755369212256635,
      0.33198070810740116,
      0.35447574406213617,
      0.5470504020525312,
      0.651260752937622
    ],
    "4": [
      0.35447574406213617,
      0.5017136010769448,
      0.7091551038198545,
      0.5655792067712965,
      0.5470504020525312,
      0.6368472657828896,
      0.651260752937622,
      0.6716254335310156
    ]
  }
}