{
  "name": "small_3d",
  "X": [
    [
      0.0884925020519195,
      0.1959828624191452,
      0.045227288910538066
    ],
    [
      0.32533033076326434,
      0.388677289689482,
      0.2713490317738959
    ],
    [
      0.8287375091519293,
      0.3567533266935893,
      0.28093450968738076
    ],
    [
      0.5426960831582485,
      0.14092422497476265,
      0.8021969807540397
    ],
    [
      0.07455064367977082,
      0.9868869366005173,
      0.7722447692966574
    ],
    [
      0.1987156815341724,
      0.005522117123602399,
      0.8154614284548342
    ],
    [
      0.7068573438476171,
      0.7290071680409873,
      0.7712703466859457
    ],
    [
      0.07404465173409036,
      0.3584657285442726,
      0.11586905952512971
    ],
    [
      0.8631034258755935,
      0.6232981268275579,
      0.3308980248526492
    ],
    [
      0.06355835028602363,
      0.3109823217156622,
      0.32518332202674705
    ],
    [
      0.7296061783380641,
      0.6375574713552131,
      0.8872127425763265
    ],
    [
      0.4722149251619493,
      0.1195942459383017,
      0.713244787222995
    ]
  ],
  "k": 3,
  "core_distances": [
    0.3036807008042162,
    0.29703746006600057,
    0.5045094727093142,
    0.3699083576844473,
    0.7512299672237972,
    0.3699083576844473,
    0.4790772603455566,
    0.2148885686319936,
    0.4790772603455566,
    0.2783149450145608,
    0.5374082664499465,
    0.313468544804741
  ],
  "distance_matrix": [
    [
      0.0,
      0.3799399189415479,
      0.7933269859558901,
      0.8844972928260952,
      1.0743733274604987,
      0.8010524792504251,
      1.092533070298803,
      0.17776299367024356,
      0.929638740520803,
      0.3036807008042162,
      1.1467146050185986,
      0.7741611568510289
    ],
    [
      0.3799399189415479,
      0.0,
      0.5045094727093142,
      0.6248431773862932,
      0.8195375360406573,
      0.6774197043822018,
      0.7150584653825247,
      0.29703746006600057,
      0.5897397066696113,
      0.2783149450145608,
      0.7776042798503813,
      0.5378221148205007
    ],
    [
      0.7933269859558901,
      0.5045094727093142,
      0.0,
      0.6325475968460977,
      1.0987501834276938,
      0.8977805370678529,
      0.6275802180897543,
      0.772535335240316,
      0.2733559941877718,
      0.7678229531948552,
      0.6754637548255398,
      0.6084775743957251
    ],
    [
      0.8844972928260952,
      0.6248431773862932,
      0.6325475968460977,
      0.0,
      0.9673211446757919,
      0.3699083576844473,
      0.6113484473942312,
      0.859071874414238,
      0.7466378990445243,
      0.6971619280636822,
      0.5374082664499465,
      0.11547750591426702
    ],
    [
      1.0743733274604987,
      0.8195375360406573,
      1.0987501834276938,
      0.9673211446757919,
      0.0,
      0.990132084704428,
      0.6828723801772126,
      0.9087037708410788,
      0.9740632739879964,
      0.8104516127269816,
      0.7512299672237972,
      0.9559364465944038
    ],
    [
      0.8010524792504251,
      0.6774197043822018,
      0.8977805370678529,
      0.3699083576844473,
      0.990132084704428,
      0.0,
      0.8852069925093827,
      0.7934365388477856,
      1.0285231961931425,
      0.5932504213418273,
      0.8285298182162918,
      0.313468544804741
    ],
    [
      1.092533070298803,
      0.7150584653825247,
      0.6275802180897543,
      0.6113484473942312,
      0.6828723801772126,
      0.8852069925093827,
      0.0,
      0.9835159932082046,
      0.4790772603455566,
      0.8874525344106958,
      0.14940948985722305,
      0.6555975440949902
    ],
    [
      0.17776299367024356,
      0.29703746006600057,
      0.772535335240316,
      0.859071874414238,
      0.9087037708410788,
      0.7934365388477856,
      0.9835159932082046,
      0.0,
      0.8596437658472211,
      0.2148885686319936,
      1.0500591380734543,
      0.7566088235584784
    ],
    [
      0.929638740520803,
      0.5897397066696113,
      0.2733559941877718,
      0.7466378990445243,
      0.9740632739879964,
      1.0285231961931425,
      0.4790772603455566,
      0.8596437658472211,
      0.0,
      0.8583974300116531,
      0.5722856884130771,
      0.7434382733678327
    ],
    [
      0.3036807008042162,
      0.2783149450145608,
      0.7678229531948552,
      0.6971619280636822,
      0.8104516127269816,
      0.5932504213418273,
      0.8874525344106958,
      0.2148885686319936,
      0.8583974300116531,
      0.0,
      0.9306707834557995,
      0.5951649288301039
    ],
    [
      1.1467146050185986,
      0.7776042798503813,
      0.6754637548255398,
      0.5374082664499465,
      0.7512299672237972,
      0.8285298182162918,
      0.14940948985722305,
      1.0500591380734543,
      0.5722856884130771,
      0.9306707834557995,
      0.0,
      0.6039875905891443
    ],
    [
      0.7741611568510289,
      0.5378221148205007,
      0.6084775743957251,
      0.11547750591426702,
      0.9559364465944038,
      0.313468544804741,
      0.6555975440949902,
      0.7566088235584784,
      0.7434382733678327,
      0.5951649288301039,
      0.6039875905891443,
      0.0
    ]
  ],