{
  "name": "small_2d",
  "X": [
    [
      0.3745401188473625,
      0.9507143064099162
    ],
    [
      0.7319939418114051,
      0.5986584841970366
    ],
    [
      0.15601864044243652,
      0.15599452033620265
    ],
    [
      0.05808361216819946,
      0.8661761457749352
    ],
    [
      0.6011150117432088,
      0.7080725777960455
    ],
    [
      0.020584494295802447,
      0.9699098521619943
    ],
    [
      0.8324426408004217,
      0.21233911067827616
    ],
    [
      0.18182496720710062,
      0.18340450985343382
    ]
  ],
  "edges": [
    [
      0,
      3,
      0.32755369212256635
    ],
    [
      0,
      4,
      0.33198070810740116
    ],
    [
      1,
      4,
      0.1705893848218244
    ],
    [
      1,
      6,
      0.39916487756879815
    ],
    [
      2,
      7,
      0.03764670007343727
    ],
    [
      3,
      5,
      0.11030351618150946
    ],
    [
      6,
      7,
      0.651260752937622
    ]
  ],
  "total_weight": 2.0284996318131587
}