{
  "name": "medium_2d",
  "X": [
    [
      0.3042422429595377,
      0.5247564316322378
    ],
    [
      0.43194501864211576,
      0.2912291401980419
    ],
    [
      0.6118528947223795,
      0.13949386065204183
    ],
    [
      0.29214464853521815,
      0.3663618432936917
    ],
    [
      0.45606998421703593,
      0.7851759613930136
    ],
    [
      0.19967378215835974,
      0.5142344384136116
    ],
    [
      0.5924145688620425,
      0.046450412719997725
    ],
    [
      0.6075448519014384,
      0.17052412368729153
    ],
    [
      0.06505159298527952,
      0.9488855372533332
    ],
    [
      0.9656320330745594,
      0.8083973481164611
    ],
    [
      0.3046137691733707,
      0.09767211400638387
    ],
    [
      0.6842330265121569,
      0.4401524937396013
    ],
    [
      0.12203823484477883,
      0.4951769101112702
    ],
    [
      0.034388521115218396,
      0.9093204020787821
    ],
    [
      0.2587799816000169,
      0.662522284353982
    ],
    [
      0.31171107608941095,
      0.5200680211778108
    ],
    [
      0.5467102793432796,
      0.18485445552552704
    ],
    [
      0.9695846277645586,
      0.7751328233611146
    ],
    [
      0.9394989415641891,
      0.8948273504276488
    ],
    [
      0.5978999788110851,
      0.9218742350231168
    ]
  ],
  "edges": [
    [
      0,
      5,
      0.10509650486871727
    ],
    [
      0,
      14,
      0.14507324834052168
    ],
    [
      0,
      15,
      0.008818427349083996
    ],
    [
      1,
      3,
      0.1587106378176479
    ],
    [
      1,
      10,
      0.23168420204975132
    ],
    [
      1,
      16,
      0.15648207118703114
    ],
    [
      2,
      6,
      0.09505225781292967
    ],
    [
      2,
      7,
      0.031327886251450894
    ],
    [
      3,
      15,
      0.15494655274312474
    ],
    [
      4,
      14,
      0.23230856554121812
    ],
    [
      4,
      19,
      0.19698265248492974
    ],
    [
      5,
      12,
      0.0799404002471454
    ],
    [
      7,
      11,
      0.28032219687743126
    ],
    [
      7,
      16,
      0.06249962903032165
    ],
    [
      8,
      13,
      0.05005620738618779
    ],
    [
      9,
      17,
      0.03349853148993961
    ],
    [
      9,
      18,
      0.0902944282411783
    ],
    [
      13,
      14,
      0.3335578487324278
    ],
    [
      18,
      19,
      0.3426680395372715
    ]
  ],
  "total_weight": 2.789320287988309
}