{
  "name": "small_3d",
  "X": [
    [
      0.0884925020519195,
      0.1959828624191452,
      0.045227288910538066
    ],
    [
      0.32533033076326434,
      0.388677289689482,
      0.2713490317738959
    ],
    [
      0.8287375091519293,
      0.3567533266935893,
      0.28093450968738076
    ],
    [
      0.5426960831582485,
      0.14092422497476265,
      0.8021969807540397
    ],
    [
      0.07455064367977082,
      0.9868869366005173,
      0.7722447692966574
    ],
    [
      0.1987156815341724,
      0.005522117123602399,
      0.8154614284548342
    ],
    [
      0.7068573438476171,
      0.7290071680409873,
      0.7712703466859457
    ],
    [
      0.07404465173409036,
      0.3584657285442726,
      0.11586905952512971
    ],
    [
      0.8631034258755935,
      0.6232981268275579,
      0.3308980248526492
    ],
    [
      0.06355835028602363,
      0.3109823217156622,
      0.32518332202674705
    ],
    [
      0.7296061783380641,
      0.6375574713552131,
      0.8872127425763265
    ],
    [
      0.4722149251619493,
      0.1195942459383017,
      0.713244787222995
    ]
  ],
  "edges": [
    [
      0,
      7,
      0.17776299367024356
    ],
    [
      1,
      2,
      0.5045094727093142
    ],
    [
      1,
      9,
      0.2783149450145608
    ],
    [
      2,
      8,
      0.2733559941877718
    ],
    [
      3,
      10,
      0.5374082664499465
    ],
    [
      3,
      11,
      0.11547750591426702
    ],
    [
      4,
      6,
      0.6828723801772126
    ],
    [
      5,
      11,
      0.313468544804741
    ],
    [
      6,
      8,
      0.4790772603455566
    ],
    [
      6,
      10,
      0.14940948985722305
    ],
    [
      7,
      9,
      0.2148885686319936
    ]
  ],
  "total_weight": 3.726545421762831
}