{
  "name": "drift_n3",
  "threshold": 0.5,
  "prev_centroids": [
    [
      5.0994427849764525,
      -0.17112116463155197
    ],
    [
      -2.459681585451206,
      4.440698496076565
    ],
    [
      -2.497218692022166,
      -4.326054704586265
    ]
  ],
  "curr_centroids": [
    [
      -2.145451130370653,
      -4.010129183062206
    ],
    [
      -2.340850206431492,
      4.663708688277063
    ],
    [
      5.1122569060692,
      0.320589430899658
    ]
  ],
  "cost_matrix": [
    [
      1.4419003352327275,
      1.4783139531423775,
      0.004620982714486743
    ],
    [
      1.5427494831722868,
      0.0008256628908603902,
      1.4288332952433505
    ],
    [
      0.0005204371697324905,
      1.5497647523087668,
      1.5531595755264158
    ]
  ],
  "row_ind": [
    0,
    1,
    2
  ],
  "col_ind": [
    2,
    1,
    0
  ],
  "assignment": [
    2,
    1,
    0
  ],
  "transitions": [
    {
      "type": "PERSIST",
      "prev": [
        2
      ],
      "curr": [
        0
      ]
    },
    {
      "type": "PERSIST",
      "prev": [
        1
      ],
      "curr": [
        1
      ]
    },
    {
      "type": "PERSIST",
      "prev": [
        0
      ],
      "curr": [
        2
      ]
    }
  ]
}