{
  "name": "grow_3_to_4",
  "threshold": 0.5,
  "prev_centroids": [
    [
      5.0994427849764525,
      -0.17112116463155197
    ],
    [
      -2.459681585451206,
      4.440698496076565
    ],
    [
      -2.497218692022166,
      -4.326054704586265
    ]
  ],
  "curr_centroids": [
    [
      0.10223482764843062,
      -4.729495678535255
    ],
    [
      0.1494432900085193,
      5.285502657836278
    ],
    [
      -4.895226411887611,
      0.23235764505216716
    ],
    [
      5.19133501180592,
      0.06716724663790685
    ]
  ],
  "cost_matrix": [
    [
      0.9448706475415316,
      1.0052775680988812,
      1.9999035865950927,
      0.0010800873870515648
    ],
    [
      1.885040286375919,
      0.13927057382827923,
      0.47453681855768515,
      1.4731749470200037
    ],
    [
      0.14494387757307625,
      1.8798463405714805,
      0.541689271620563,
      1.5110980461450385
    ]
  ],
  "row_ind": [
    0,
    1,
    2
  ],
  "col_ind": [
    3,
    1,
    0
  ],
  "assignment": [
    2,
    1,
    -1,
    0
  ],
  "transitions": [
    {
      "type": "SPLIT",
      "prev": [
        1
      ],
      "curr": [
        1,
        2
      ]
    },
    {
      "type": "PERSIST",
      "prev": [
        2
      ],
      "curr": [
        0
      ]
    },
    {
      "type": "PERSIST",
      "prev": [
        0
      ],
      "curr": [
        3
      ]
    }
  ]
}