{
  "name": "shrink_4_to_2",
  "threshold": 0.5,
  "prev_centroids": [
    [
      -5.0101897437014085,
      -0.008676129142882263
    ],
    [
      5.06311010622814,
      -0.025039633032054427
    ],
    [
      0.06609254019747747,
      -5.027715519625211
    ],
    [
      0.07236039361619771,
      5.057287450117513
    ]
  ],
  "curr_centroids": [
    [
      -4.9356724304308015,
      0.1955600772974132
    ],
    [
      5.074710585776747,
      0.17310769886846922
    ]
  ],
  "cost_matrix": [
    [
      0.0008540765305545817,
      1.9994762369753678
    ],
    [
      1.9993995550874324,
      0.000762123224676281
    ],
    [
      1.052721484463593,
      1.0209521983702399
    ],
    [
      0.974708808506585,
      0.9516131192764706
    ]
  ],
  "row_ind": [
    0,
    1
  ],
  "col_ind": [
    0,
    1
  ],
  "assignment": [
    0,
    1
  ],
  "transitions": [
    {
      "type": "DIE",
      "prev": [
        2
      ],
      "curr": []
    },
    {
      "type": "DIE",
      "prev": [
        3
      ],
      "curr": []
    },
    {
      "type": "PERSIST",
      "prev": [
        0
      ],
      "curr": [
        0
      ]
    },
    {
      "type": "PERSIST",
      "prev": [
        1
      ],
      "curr": [
        1
      ]
    }
  ]
}