{
  "name": "blobs5_3",
  "n_components": 3,
  "X": [
    [
      1.6738510447966148,
      6.711193581066829,
      -1.4423255680705593,
      -8.534207198780306,
      -5.920484857478217
    ],
    [
      10.0296649465904,
      -5.7238673284351576,
      0.7219986439549917,
      8.021609778837124,
      -9.172265600865314
    ],
    [
      0.40763517978895,
      -0.49856306210555446,
      -8.349255275828169,
      -5.709205292213282,
      -1.8347759502173766
    ],
    [
      2.992208329629059,
      6.113949371815093,
      -2.576058839837523,
      -8.08888781928044,
      -4.058797772234168
    ],
    [
      8.161361704450867,
      -4.450200303383967,
      -1.9087112217340685,
      8.203854071973073,
      -8.475644118180274
    ],
    [
      2.888008906760207,
      6.657751025373465,
      -3.452069845024103,
      -9.493481643313636,
      -5.054168260668976
    ],
    [
      1.0697257604785733,
      1.078357572363296,
      -7.993094844177364,
      -5.864744341690139,
      0.18055071812596643
    ],
    [
      -0.7863702386400186,
      0.7811344737532431,
      -7.352695138688922,
      -3.6506634131246103,
      -0.9316737985950388
    ],
    [
      3.7769076212377297,
      5.983799456054743,
      -1.4270621293071675,
      -9.62155217612084,
      -4.3683636639326275
    ],
    [
      -8.090712360763344,
      7.845970897609993,
      -0.9624037406742425,
      3.9446989372179715,
      11.471809102263993
    ],
    [
      3.0654626212705844,
      7.047873872867713,
      -2.2841577714729677,
      -8.284708556139016,
      -3.0656945636296102
    ],
    [
      2.8355341864732844,
      7.157187481810725,
      -3.1885750185583928,
      -10.733908570157242,
      -2.173292462777281
    ],
    [
      3.029864394834935,
      0.8914486024525832,
      -8.901094356231631,
      -5.103147050096098,
      -0.8668399750745461
    ],
    [
      -8.773545449848683,
      6.895261037528966,
      0.29776426221102614,
      5.138721750028485,
      10.108535359710382
    ],
    [
      -7.401364080945361,
      3.947300255396454,
      -0.6963860148560386,
      2.4048887534976484,
      8.897630900265243
    ],
    [
      7.962066621701503,
      -5.91765346755341,
      -0.5190160208905188,
      8.684466241648936,
      -8.526232823897958
    ],
    [
      4.26742886109101,
      5.334485080681149,
      -2.4308495997888597,
      -7.962716301702061,
      -4.36399716285082
    ],
    [
      7.675828054250248,
      -5.423132075708731,
      -1.4607627478674332,
      9.263233559684487,
      -9.515009920450657
    ],
    [
      6.9952477683214775,
      -4.3860036519421035,
      -0.6478316461118188,
      7.760027289605955,
      -10.116494612473296
    ],
    [
      9.005791989956212,
      -7.497733596060017,
      -0.580462405586122,
      10.084492166701668,
      -9.43943908264636
    ],
    [
      -8.756469448596237,
      5.7070242162970235,
      0.20642414955162702,
      5.9726220770357346,
      9.347057272914492
    ],
    [
      8.121415429135823,
      -4.3393656114723695,
      -2.2072343338467544,
      7.126532075353156,
      -10.156054593573193
    ],
    [
      0.8580723328070692,
      -1.3141112767569367,
      -10.510955431349894,
      -4.257889614145888,
      -0.7134031796123409
    ],
    [
      -10.380204091051324,
      5.498765212907428,
      0.4677219255645513,
      4.085880433687311,
      8.669933378911303
    ],
    [
      3.884713828149604,
      6.885549007875029,
      -2.8248211675762755,
      -8.853456348437858,
      -5.374224802005328
    ],
    [
      7.623414699597509,
      -6.15808733089682,
      -3.2627040372475453,
      9.527526382745869,
      -10.089769832942833
    ],
    [
      1.4465463977645592,
      0.01016708659231441,
      -8.634640794291835,
      -5.304865585338651,
      -0.05821743353887422
    ],
    [
      6.069521082359582,
      -7.50106462848138,
      -1.1804709200918393,
      9.38478036421154,
      -9.591080067803064
    ],
    [
      3.2677344691961348,
      6.667908873897406,
      -2.681005391004352,
      -8.205813507067283,
      -4.8103622653896485
    ],
    [
      -7.919253900628968,
      5.722256750089331,
      -0.9573554474221659,
      2.942779024748984,
      11.210489931118527
    ],
    [
      7.7237123687408875,
      -6.728308837116054,
      -0.9766271552663995,
      9.252488430084217,
      -8.257373676025214
    ],
    [
      -8.141859997032357,
      6.333402429179653,
      -1.4246708315319099,
      2.6912907036603153,
      10.214495943635162
    ],
    [
      1.1817142393246525,
      1.8824649454259028,
      -10.056250975161364,
      -4.154882697705324,
      1.109940502170282
    ],
    [
      -9.678054058120589,
      7.060351472015817,
      0.5343455067472043,
      4.139889804705759,
      10.400523482075588
    ],
    [
      -8.236532365883663,
      5.699809830013908,
      -0.979237635626812,
      4.336926359051977,
      9.250313899343173
    ],
    [
      4.545676386032317,
      6.635557894322456,
      -3.705818672610463,
      -8.016069376924186,
      -4.7155058936446945
    ],
    [
      -8.319498677064498,
      5.211235901515905,
      0.7972568495789822,
      4.423917526758178,
      8.109111540785477
    ],
    [
      6.292009235109926,
      -4.4569311937358025,
      -0.9381594361470813,
      9.360498360428899,
      -10.67493201327321
    ],
    [
      1.258542824101359,
      0.38459927414985023,
      -7.59477684841336,
      -4.347583974127787,
      -0.619271932579273
    ],
    [
      -8.653820613773206,
      6.166437732130275,
      -1.9846525676035944,
      2.760964353451768,
      7.756691581452311
    ],
    [
      -7.579481907700323,
      6.013878459100304,
      -2.1553600278953473,
      4.273276244310859,
      8.969020421068915
    ],
    [
      -9.908797678556411,
      6.099999967983334,
      -1.3265908216220237,
      5.662389478962835,
      9.190971771484206
    ],
    [
      2.214740203439616,
      6.805935107514901,
      -2.6394936702668432,
      -7.543294001787835,
      -3.9636491959091047
    ],
    [
      9.480074113150668,
      -6.320555734463997,
      -1.0651878371196655,
      7.2226957240530565,
      -9.668965185724627
    ],
    [
      1.1442877579462492,
      0.41395496670133813,
      -10.002098989805708,
      -4.144885200720874,
      -0.5718222540072974
    ],
    [
      2.1966385648575093,
      0.17925325690294125,
      -6.841247283144534,
      -5.089347190848586,
      -0.2903338500095816
    ],
    [
      8.01804697137546,
      -7.320541384792084,
      -0.69954792860348,
      9.556870086898826,
      -9.650282472934254
    ],
    [
      4.5996148578797005,
      4.633237005449045,
      -3.724805901919699,
      -9.042941374546864,
      -3.448583439723132
    ],
    [
      3.96998646031346,
      6.375461137110419,
      -1.1618584530606033,
      -8.564713122146529,
      -6.090893885347835
    ],
    [
      -9.667426134779038,
      4.5483590337269195,
      -1.5320091079822926,
      3.2893214631606185,
      11.057429355529635
    ],
    [
      0.792162146749234,
      -0.4066593203572345,
      -9.20708262569713,
      -2.883643158613932,
      -0.39273646485036384
    ],
    [
      4.729915840888443,
      5.727576539613488,
      -2.9066070565021507,
      -8.396964128549767,
      -4.3698755490789285
    ],
    [
      -0.0760052289191343,
      0.6595221060111979,
      -8.428354355542517,
      -4.707034264268494,
      0.7789518275616921
    ],
    [
      -8.879062067948542,
      3.3100607428305704,
      -0.18241882183887492,
      4.052829238098806,
      8.817236714727485
    ],
    [
      1.2660428304477493,
      -0.5084444787258816,
      -9.680939721010349,
      -5.874737911818592,
      -0.5172772061925113
    ],
    [
      -1.0237313335917053,
      -0.1714470437554735,
      -7.861683223025193,
      -3.5392815957177532,
      1.7120302633802915
    ],
    [
