{
  "name": "correlated_3",
  "n_components": 3,
  "X": [
    [
      1.2596839281094205,
      2.6759735954569717,
      -2.9723346329944165,
      -0.8066675724148956,
      -1.3519154346001263,
      -1.9102204166101324
    ],
    [
      1.0232878157424685,
      1.737021444025097,
      -2.6142892402902147,
      -3.4947920830731007,
      -0.17323774095682865,
      3.626399646982888
    ],
    [
      -0.3333581523100184,
      1.7822455547405627,
      -0.4074172312857955,
      -0.8060766405885715,
      0.08508327794953519,
      -0.7629621212457667
    ],
    [
      1.5149822871737306,
      0.6752622145906261,
      -2.253199106259065,
      0.8255351181528411,
      -1.5667495127592697,
      -2.2410061831135564
    ],
    [
      0.5065619969249247,
      1.2113785402220536,
      -1.2503305536801494,
      -0.30744098628389144,
      -0.5794830094095809,
      -0.9558232541332283
    ],
    [
      1.4657311581993036,
      -1.0597664475544972,
      -1.7115062415774014,
      -1.1031271323914695,
      -0.5717484981363743,
      2.978410347795954
    ],
    [
      -3.4074808343738283,
      1.2352397404179285,
      3.8754138061092527,
      -2.040441058677096,
      2.9480846841531987,
      2.088066149650225
    ],
    [
      0.2246739792350843,
      0.12136330626488413,
      -0.5692236640960593,
      -1.5452997577309648,
      0.2474571643885636,
      2.3807706811051905
    ],
    [
      -1.7499882236954851,
      5.463489096614281,
      -0.07764579272690268,
      -1.2004254519708883,
      0.455089857286615,
      -4.3828645304539195
    ],
    [
      3.1346976389532077,
      -1.8473624716573136,
      -3.420014451167729,
      0.7242866276168803,
      -2.2146202584061707,
      0.8119160870401967
    ],
    [
      -0.42740464298453323,
      -0.22063832043346654,
      0.5385967090450718,
      -1.043235071590662,
      0.6843847583628269,
      1.9982982137170793
    ],
    [
      -0.10835662994645444,
      -3.0043733733661355,
      1.6828304262785219,
      1.9213447322749777,
      0.21190331457781938,
      0.40138443384934835
    ],
    [
      0.9029511790612698,
      0.7755107559285094,
      -1.8213140623169894,
      -1.8702300558877356,
      -0.33253917882088146,
      2.1020905790553073
    ],
    [
      -2.5089023874480803,
      0.4900928345417529,
      3.168463506611753,
      -0.49009842247936036,
      1.9722996061428222,
      0.3709574209523249
    ],
    [
      1.830377867505339,
      -5.074750108512591,
      -0.3431547759701038,
      0.12570743895748182,
      -0.2938009092000621,
      5.683452836823472
    ],
    [
      -0.643383841076259,
      0.6704320124603567,
      0.8110370544994756,
      1.5670244772140247,
      -0.11059552208930744,
      -3.3277006468697325
    ],
    [
      -0.9797204469242754,
      -2.6138144079493015,
      2.5434075369245037,
      0.6708305268053952,
      1.1605032779528535,
      2.0435878503132137
    ],
    [
      -1.722811025671698,
      1.1111653280504388,
      1.7447739950051935,
      -1.0929925117692996,
      1.397192437050195,
      0.5814901814953081
    ],
    [
      0.5476501073755847,
      -0.5050312334327942,
      -0.5520211107332408,
      -0.10807671924332674,
      -0.27708010635937763,
      0.7424244878483778
    ],
    [
      -1.0796852353108328,
      1.171504000529368,
      0.9471132225973482,
      -0.2785407162919688,
      0.6489531462942926,
      -0.864276279758464
    ],
    [
      -1.131213726472314,
      -0.8350543921354299,
      1.9098524788830367,
      0.02657619608271885,
      1.0585959618296275,
      1.0085184292474207
    ],
    [
      -0.0637602192512829,
      -3.1844982333720426,
      1.5744229859688734,
      1.0097368024848932,
      0.4834603623117914,
      2.1083600289262208
    ],
    [
      -0.22877347985182797,
      -3.3722967099813834,
      1.794905590582168,
      0.37855424433484447,
      0.8375103104341286,
      3.3761226911029096
    ],
    [
      0.9403338398306232,
      -0.6870749907811268,
      -1.0333553890341334,
      -0.2532317451150765,
      -0.4972356016968578,
      1.1730898951534858
    ],
    [
      -1.0869621329496564,
      3.320936690791241,
      0.07530602818133227,
      -0.06129075508726883,
      0.10037817136382213,
      -3.7601293532349755
    ],
    [
      -1.4839107249973107,
      -0.2835921129555942,
      2.218570987975643,
      0.4584466718042767,
      1.0800808389966818,
      -0.3316841545908557
    ],
    [
      -1.0216787649571937,
      -0.6964613010441216,
      1.5953982807179279,
      -0.7509206807988756,
      1.1681017230044444,
      2.1149709657307043
    ],
    [
      -0.9953835336725364,
      0.9060409221618847,
      0.6773396565586357,
      -2.2455013670854655,
      1.2159708645805467,
      2.673976634012729
    ],
    [
      3.153573982854444,
      0.6056592214323285,
      -4.72837475106448,
      -1.064689424851004,
      -2.269769936303563,
      0.8498113094221963
    ],
    [
      -0.19295159800266248,
      0.9403851434225005,
      0.07049235767465556,
      1.5078337776605142,
      -0.5036951938892904,
      -3.575561833884855
    ],
    [
      1.6025045689343713,
      -1.9927025035027337,
      -1.3576769779802347,
      -0.02615030813598498,
      -0.7774433555693402,
      2.304508930896802
    ],
    [
      1.005683036312897,
      1.350327442012101,
      -2.0021357583070736,
      -0.36655226672523256,
      -0.9803599356026529,
      -1.0518522160507777
    ],
    [
      2.131802293857781,
      -1.8995163708832807,
      -2.212572936254401,
      -0.683407648993444,
      -1.017394635136972,
      3.242877693562552
    ],
    [
      0.8146023271872243,
      -1.4629262016003117,
      -0.8086480851266391,
      -2.2946984768657788,
      0.37060227323687356,
      5.448867661216739
    ],
    [
      0.0650693201131595,
      -3.3263666847796234,
      1.271434583198507,
      -0.3649855146326078,
      0.8156674712656632,
      4.525628360073319
    ],
    [
      -1.3082829818593091,
      3.7113287852343717,
      -0.05694876112376541,
      -2.056315941025098,
      0.7622570362699248,
      -0.9329949461736815
    ],
    [
      3.3098758315964534,
      1.8593112587010965,
      -5.419537742959092,
      -0.6604948080899115,
      -2.7946240410685994,
      -1.3040806378750012
    ],
    [
      0.7813376732519678,
      2.649658331618033,
      -2.027213088790511,
      1.2410597735397717,
      -1.5707603259230198,
      -5.213516654638906
    ],
    [
      1.8217059093002372,
      -1.2428464852221637,
      -1.881992962853603,
      0.6699813100433778,
      -1.320719672959772,
      0.26289229359508104
    ],
    [
      1.5779842175214904,
      -0.8480087365427208,
      -1.7192971243086679,
      0.6379272274711086,
      -1.2129755851227197,
      -0.13686655188820315
    ],
    [
      -0.9811587779849045,
      1.858334620500217,
      0.6157115624178858,
      0.42206840989262506,
      0.2121748272089081,
      -2.831788943247263
    ],
    [
      -1.0151059500057258,
      3.0095386488477507,
      -0.007469965879343252,
      -0.9184265565738731,
      0.3649980571983113,
      -1.989068077713718
    ],
    [
      2.751433153580345,
      -2.6837850977474087,
      -2.621743326861062,
      0.11764373908020044,
      -1.5505909149246437,
      2.8183870637147197
    ],
    [
      -0.38324655396059537,
      1.5767903351761277,
      -0.08081971943730215,
      0.45566457784197156,
      -0.1960377741990463,
      -2.588936389926693
    ],
    [
      -0.52180650315638,
      -1.2454068924090138,
      1.2448763018351239,
      0.006473554922566854,
      0.6865201079719826,
      1.4910598044912935
    ],
    [
      0.40568385981044724,
      0.5180466576525696,
      -0.910140151925885,
      -0.9873533181460447,
      -0.14541389076705413,
      0.9855255563372931
    ],
    [
      -2.6743374815998076,
      1.7283653292539891,
      2.7867659294337495,
