{
  "X": [
    [
      5.071577111401068,
      -1.3978121116224984,
      0.09846049103575322,
      1.2225488489895235,
      -2.3667690858772157
    ],
    [
      0.00206557290594813,
      -0.0008903858579313628,
      -1.7547243063454208,
      1.0176580056634932,
      0.6004985159195494
    ],
    [
      -1.2508579479335193,
      -0.34309652239144234,
      1.0105987483935033,
      -0.522712830383294,
      -0.4854981573450932
    ],
    [
      -2.9064828249815813,
      1.1091606237837757,
      0.24776181057407687,
      0.5489198475199272,
      -3.0530490637396803
    ],
    [
      4.952099073559427,
      0.4630066063690741,
      -1.1614198298591645,
      6.0872166622833355,
      -0.13615808958193826
    ],
    [
      -4.352036097439724,
      -1.21568356628306,
      -6.8649453059151675,
      3.148189648029764,
      -1.2494229555600556
    ],
    [
      -1.4851070504091355,
      2.144940263150991,
      -3.3021511788116777,
      1.070858712652182,
      -4.128829606242351
    ],
    [
      -1.3243186793336175,
      -2.408439691199465,
      2.923951254427048,
      3.5323217558586677,
      -0.6588275038261302
    ],
    [
      3.362932968574143,
      -0.7199456050094013,
      2.2722475493119276,
      -3.011348785685859,
      -6.833356812668224
    ],
    [
      -3.606197316959482,
      0.7662437035150239,
      4.495190105615399,
      0.538823261015774,
      -1.0492092388017047
    ],
    [
      5.736056586995821,
      0.7119055399115803,
      0.3043019556348463,
      0.7577332066659526,
      -0.39713159270054144
    ],
    [
      -0.3094763405888804,
      -1.4349634660355541,
      0.5016241231810408,
      -0.09477545043989416,
      1.1930859223440107
    ],
    [
      -0.7376369368956927,
      -3.8127397570609363,
      -0.199221263789729,
      3.3990745934933617,
      -0.7668462458630251
    ],
    [
      -0.8898568610207493,
      -1.193591922258183,
      -1.0500168110753734,
      -0.30019373680016304,
      -1.1799820934582053
    ],
    [
      1.4976391155975834,
      -0.28263523607538044,
      0.10864837149473018,
      1.4382395207337566,
      1.5033185204169108
    ]
  ],
  "cosine_distances": [
    [
      0.0,
      1.027104208004313,
      1.4971084344299617,
      1.322522063492381,
      0.31474057787882004,
      1.271676406694476,
      0.9936053891785486,
      0.9113625734515451,
      0.38817359594505985,
      1.450929925921505,
      0.13082000265789762,
      1.2123692739123446,
      0.7551594913922253,
      1.0404091972220653,
      0.5926317732520349
    ],
    [
      1.027104208004313,
      0.0,
      1.6854581938611313,
      1.184398556946072,
      0.5145999300823143,
      0.229369821510793,
      0.6529052958732029,
      1.1695662466822714,
      1.6177891170071519,
      1.635707479070492,
      0.9992014078764704,
      1.0626250019891772,
      0.6967099066990025,
      0.8214568732956952,
      0.600954045610679
    ],
    [
      1.4971084344299617,
      1.6854581938611313,
      0.0,
      0.40397093430134645,
      1.7471453592370543,
      1.132797791294027,
      1.0717530493197744,
      0.594887019552192,
      0.7888278798426581,
      0.15179940521833302,
      1.6975225645468144,
      0.7560594326307832,
      0.9332117095862996,
      0.6966912212766252,
      1.6804496475105943
    ],
    [
      1.322522063492381,
      1.184398556946072,
      0.40397093430134645,
      0.0,
      1.2976961702311924,
      0.612863573309568,
      0.2766959615460107,
      0.753075498060758,
      0.7548819532102797,
      0.38917215124431603,
      1.55071556979567,
      1.494397976784505,
      0.9097858062245481,
      0.539500097213277,
      1.7430444369139324
    ],
    [
      0.31474057787882004,
      0.5145999300823143,
      1.7471453592370543,
      1.2976961702311924,
      0.0,
      0.9265009917660573,
      0.9043554680673757,
      0.7541970832762221,
      1.0548646832379305,
      1.4094154583994998,
      0.28927161308759786,
      1.2259871714425163,
      0.6238510148604974,
      1.3104602101704657,
      0.23421321966776887
    ],
    [
      1.271676406694476,
      0.229369821510793,
      1.132797791294027,
      0.612863573309568,
      0.9265009917660573,
      0.0,
      0.34187354768048384,
      0.9882589120457796,
      1.3996485028960401,
      1.2482239694388644,
      1.4813730272723729,
      1.1229471121774153,
      0.5503044976668682,
      0.3294464102779069,
      1.1861126435115057
    ],
    [
      0.9936053891785486,
      0.6529052958732029,
      1.0717530493197744,
      0.2766959615460107,
      0.9043554680673757,
      0.34187354768048384,
      0.0,
      1.19679067425596,
      0.7858095527419411,
      1.0825890370012936,
      1.1581729046684417,
      1.7923343586138638,
      0.9878115109119237,
      0.48368913163766625,
      1.5079094867989902
    ],
    [
      0.9113625734515451,
      1.1695662466822714,
      0.594887019552192,
      0.753075498060758,
      0.7541970832762221,
      0.9882589120457796,
      1.19679067425596,
      0.0,
      1.048117205158,
      0.4157616293883063,
      1.173971272772167,
      0.6009332133970327,
      0.21462186009173845,
      0.9406965956125748,
      0.776693497009924
    ],
    [
      0.38817359594505985,
      1.6177891170071519,
      0.7888278798426581,
      0.7548819532102797,
      1.0548646832379305,
      1.3996485028960401,
      0.7858095527419411,
      1.048117205158,
      0.0,
      0.9390854790384809,
      0.6012348993405319,
      1.403011363304736,
      1.1164003953021882,
      0.7620094397300999,
      1.4140785369813222
    ],
    [
      1.450929925921505,
      1.635707479070492,
      0.15179940521833302,
      0.38917215124431603,
      1.4094154583994998,
      1.2482239694388644,
      1.0825890370012936,
      0.4157616293883063,
      0.9390854790384809,
      0.0,
      1.5170800574078913,
      0.9166702889068412,
      0.9522456453394079,
      1.1038042699193593,
      1.3873496649739006
    ],
    [
      0.13082000265789762,
      0.9992014078764704,
      1.6975225645468144,
      1.55071556979567,
      0.28927161308759786,
      1.4813730272723729,
      1.1581729046684417,
      1.173971272772167,
      0.6012348993405319,
      1.5170800574078913,
      0.0,
      1.27823932158472,
      1.135055501108518,
      1.4705141127233543,
      0.4097102298424229
    ],
    [
      1.2123692739123446,
      1.0626250019891772,
      0.7560594326307832,
      1.494397976784505,
      1.2259871714425163,
      1.1229471121774153,
      1.7923343586138638,
      0.6009332133970327,
      1.403011363304736,
      0.9166702889068412,
      1.27823932158472,
      0.0,
      0.5735793245335281,
      0.9808849208327064,
      0.6729943865970281
    ],
    [
      0.7551594913922253,
      0.6967099066990025,
      0.9332117095862996,
      0.9097858062245481,
      0.6238510148604974,
      0.5503044976668682,
      0.9878115109119237,
      0.21462186009173845,
      1.1164003953021882,
      0.9522456453394079,
      1.135055501108518,
      0.5735793245335281,
      0.0,
      0.5366826520722126,
      0.7264314397831511
    ],
    [
      1.0404091972220653,
      0.8214568732956952,
      0.6966912212766252,
      0.539500097213277,
      1.3104602101704657,
      0.3294464102779069,
      0.48368913163766625,
      0.9406965956125748,
      0.7620094397300999,
      1.1038042699193593,
      1.4705141127233543,
      0.9808849208327064,
      0.5366826520722126,
      0.0,
      1.586088374345815
    ],
    [
      0.5926317732520349,
      0.600954045610679,
      1.6804496475105943,
      1.7430444369139324,
      0.23421321966776887,
      1.1861126435115057,
      1.5079094867989902,
      0.776693497009924,
      1.4140785369813222,
      1.3873496649739006,
      0.4097102298424229,
      0.6729943865970281,
      0.7264314397831511,
      1.586088374345815,
      0.0
    ]
  ]
}